hour,susceptible,exposed,infected,hospitalized,recovered,deceased
1,3130695,6529,0,0,0,0
2,3130695,6529,0,0,0,0
3,3130695,6529,0,0,0,0
4,3130695,6529,0,0,0,0
5,3130695,6529,0,0,0,0
6,3130695,6529,0,0,0,0
7,3130695,6529,0,0,0,0
8,3130695,6529,0,0,0,0
9,3130695,6529,0,0,0,0
10,3130695,6529,0,0,0,0
11,3130695,6529,0,0,0,0
12,3130695,6529,0,0,0,0
13,3130695,6529,0,0,0,0
14,3130695,6529,0,0,0,0
15,3130695,6529,0,0,0,0
16,3130695,6529,0,0,0,0
17,3130695,6529,0,0,0,0
18,3130695,6529,0,0,0,0
19,3130695,6529,0,0,0,0
20,3130695,6529,0,0,0,0
21,3130695,6529,0,0,0,0
22,3130695,6529,0,0,0,0
23,3130695,6529,0,0,0,0
24,3130695,6529,0,0,0,0
25,3130695,6529,0,0,0,0
26,3130695,6529,0,0,0,0
27,3130695,6529,0,0,0,0
28,3130695,6529,0,0,0,0
29,3130695,6529,0,0,0,0
30,3130695,6529,0,0,0,0
31,3130695,6529,0,0,0,0
32,3130695,6529,0,0,0,0
33,3130695,6529,0,0,0,0
34,3130695,6529,0,0,0,0
35,3130695,6529,0,0,0,0
36,3130695,6529,0,0,0,0
37,3130695,6529,0,0,0,0
38,3130695,6529,0,0,0,0
39,3130695,6529,0,0,0,0
40,3130695,6529,0,0,0,0
41,3130695,6529,0,0,0,0
42,3130695,6529,0,0,0,0
43,3130695,6529,0,0,0,0
44,3130695,6529,0,0,0,0
45,3130695,6529,0,0,0,0
46,3130695,6529,0,0,0,0
47,3130695,6529,0,0,0,0
48,3130695,6529,0,0,0,0
49,3130695,6529,0,0,0,0
50,3130695,6529,0,0,0,0
51,3130695,6529,0,0,0,0
52,3130695,6529,0,0,0,0
53,3130695,6529,0,0,0,0
54,3130695,6529,0,0,0,0
55,3130695,0,6529,0,0,0
56,3130695,0,6529,0,0,0
57,3130695,0,6529,0,0,0
58,3130695,0,6529,0,0,0
59,3130695,0,6529,0,0,0
60,3130695,0,6529,0,0,0
61,3130695,0,6529,0,0,0
62,3130695,0,6529,0,0,0
63,3130695,0,6529,0,0,0
64,3130695,0,6529,0,0,0
65,3130695,0,6529,0,0,0
66,3130695,0,6529,0,0,0
67,3130695,0,6529,0,0,0
68,3130695,0,6529,0,0,0
69,3130695,0,6529,0,0,0
70,3130695,0,6529,0,0,0
71,3130695,0,6529,0,0,0
72,3130695,0,6529,0,0,0
73,3130695,0,6529,0,0,0
74,3130695,0,6529,0,0,0
75,3130695,0,6529,0,0,0
76,3130695,0,6529,0,0,0
77,3130695,0,6529,0,0,0
78,3130695,0,6529,0,0,0
79,3130695,0,6529,0,0,0
80,3130695,0,6529,0,0,0
81,3130695,0,6529,0,0,0
82,3130695,0,6529,0,0,0
83,3130695,0,6529,0,0,0
84,3130695,0,6529,0,0,0
85,3130695,0,6529,0,0,0
86,3130695,0,6529,0,0,0
87,3130695,0,6529,0,0,0
88,3130695,0,6529,0,0,0
89,3130695,0,6529,0,0,0
90,3130695,0,6529,0,0,0
91,3130695,0,6529,0,0,0
92,3130695,0,6529,0,0,0
93,3130695,0,6529,0,0,0
94,3130695,0,6529,0,0,0
95,3130695,0,6529,0,0,0
96,3130695,0,6529,0,0,0
97,3130695,0,6529,0,0,0
98,3130695,0,6529,0,0,0
99,3130695,0,6529,0,0,0
100,3130695,0,6529,0,0,0
101,3130695,0,6529,0,0,0
102,3130695,0,6529,0,0,0
103,3130695,0,6529,0,0,0
104,3130695,0,6529,0,0,0
105,3130695,0,6529,0,0,0
106,3130695,0,6529,0,0,0
107,3130695,0,6529,0,0,0
108,3130695,0,6529,0,0,0
109,3130695,0,6529,0,0,0
110,3130695,0,6529,0,0,0
111,3130695,0,6529,0,0,0
112,3130695,0,6529,0,0,0
113,3130695,0,6529,0,0,0
114,3130695,0,6529,0,0,0
115,3130695,0,6529,0,0,0
116,3130695,0,6529,0,0,0
117,3130695,0,6529,0,0,0
118,3130695,0,6529,0,0,0
119,3130695,0,6529,0,0,0
120,3130695,0,6529,0,0,0
121,3130695,0,6529,0,0,0
122,3130695,0,6529,0,0,0
123,3130695,0,6529,0,0,0
124,3130695,0,6529,0,0,0
125,3130695,0,6529,0,0,0
126,3130695,0,6529,0,0,0
127,3130695,0,6529,0,0,0
128,3130695,0,6529,0,0,0
129,3130695,0,6529,0,0,0
130,3130695,0,6529,0,0,0
131,3130695,0,6529,0,0,0
132,3130695,0,6529,0,0,0
133,3130695,0,6529,0,0,0
134,3130695,0,6529,0,0,0
135,3130695,0,6529,0,0,0
136,3130695,0,6529,0,0,0
137,3130695,0,6529,0,0,0
138,3130695,0,6529,0,0,0
139,3130695,0,6529,0,0,0
140,3130695,0,6529,0,0,0
141,3130695,0,6529,0,0,0
142,3130695,0,6529,0,0,0
143,3130695,0,6529,0,0,0
144,3130695,0,6258,271,0,0
145,3130695,0,6258,271,0,0
146,3130695,0,6258,271,0,0
147,3130695,0,6258,271,0,0
148,3130695,0,6258,271,0,0
149,3130695,0,6258,271,0,0
150,3130695,0,6258,271,0,0
151,3130694,1,6258,271,0,0
152,3130557,138,6258,271,0,0
153,3130467,228,6258,271,0,0
154,3130412,283,6258,271,0,0
155,3130379,316,6258,271,0,0
156,3130378,317,6258,271,0,0
157,3130377,318,6258,271,0,0
158,3130375,320,6258,271,0,0
159,3130373,322,6258,271,0,0
160,3130372,323,6258,271,0,0
161,3130370,325,6258,271,0,0
162,3130370,325,6258,271,0,0
163,3130370,325,6258,271,0,0
164,3130370,325,6258,271,0,0
165,3130370,325,6258,271,0,0
166,3130370,325,6258,271,0,0
167,3130370,325,6258,271,0,0
168,3130370,325,5974,555,0,0
169,3130370,325,5974,555,0,0
170,3130370,325,5974,555,0,0
171,3130370,325,5974,555,0,0
172,3130370,325,5974,555,0,0
173,3130370,325,5974,555,0,0
174,3130370,325,5974,555,0,0
175,3130367,328,5974,555,0,0
176,3130202,493,5974,555,0,0
177,3130104,591,5974,555,0,0
178,3130025,670,5974,555,0,0
179,3129990,705,5974,555,0,0
180,3129987,708,5974,555,0,0
181,3129978,717,5974,555,0,0
182,3129975,720,5974,555,0,0
183,3129975,720,5974,555,0,0
184,3129975,720,5974,555,0,0
185,3129971,724,5974,555,0,0
186,3129971,724,5974,555,0,0
187,3129971,724,5974,555,0,0
188,3129971,724,5974,555,0,0
189,3129971,724,5974,555,0,0
190,3129971,724,5974,555,0,0
191,3129971,724,5974,555,0,0
192,3129971,724,5712,817,0,0
193,3129971,724,5712,817,0,0
194,3129971,724,5712,817,0,0
195,3129971,724,5712,817,0,0
196,3129971,724,5712,817,0,0
197,3129971,724,5712,817,0,0
198,3129971,724,5712,817,0,0
199,3129963,688,5756,817,0,0
200,3129795,759,5853,817,0,0
201,3129687,785,5935,817,0,0
202,3129623,787,5997,817,0,0
203,3129574,815,6018,817,0,0
204,3129571,807,6029,817,0,0
205,3129566,810,6031,817,0,0
206,3129563,812,6032,817,0,0
207,3129559,813,6035,817,0,0
208,3129558,814,6035,817,0,0
209,3129547,824,6036,817,0,0
210,3129547,823,6037,817,0,0
211,3129547,823,6037,817,0,0
212,3129547,823,6037,817,0,0
213,3129547,823,6037,817,0,0
214,3129547,823,6037,817,0,0
215,3129547,823,6037,817,0,0
216,3129547,823,5753,1101,0,0
217,3129547,823,5753,1101,0,0
218,3129547,823,5753,1101,0,0
219,3129547,823,5753,1101,0,0
220,3129547,823,5753,1101,0,0
221,3129547,823,5753,1101,0,0
222,3129547,823,5753,1101,0,0
223,3129538,781,5804,1101,0,0
224,3129368,847,5908,1101,0,0
225,3129257,844,6022,1101,0,0
226,3129183,846,6094,1101,0,0
227,3129128,872,6123,1101,0,0
228,3129128,856,6139,1101,0,0
229,3129121,858,6144,1101,0,0
230,3129114,862,6147,1101,0,0
231,3129110,865,6148,1101,0,0
232,3129105,870,6148,1101,0,0
233,3129096,878,6149,1101,0,0
234,3129096,875,6152,1101,0,0
235,3129096,875,6152,1101,0,0
236,3129096,875,6152,1101,0,0
237,3129096,875,6152,1101,0,0
238,3129096,875,6152,1101,0,0
239,3129096,875,6152,1101,0,0
240,3129096,875,5882,1371,0,0
241,3129096,875,5882,1371,0,0
242,3129096,875,5882,1371,0,0
243,3129096,875,5882,1371,0,0
244,3129096,875,5882,1371,0,0
245,3129096,875,5882,1371,0,0
246,3129096,875,5882,1371,0,0
247,3129089,822,5942,1371,0,0
248,3128941,858,6054,1371,0,0
249,3128846,838,6169,1371,0,0
250,3128775,843,6235,1371,0,0
251,3128729,857,6267,1371,0,0
252,3128724,845,6284,1371,0,0
253,3128718,846,6289,1371,0,0
254,3128715,846,6292,1371,0,0
255,3128711,847,6295,1371,0,0
256,3128703,854,6296,1371,0,0
257,3128693,858,6302,1371,0,0
258,3128693,854,6306,1371,0,0
259,3128693,854,6306,1371,0,0
260,3128693,854,6306,1371,0,0
261,3128693,854,6306,1371,0,0
262,3128693,854,6306,1371,0,0
263,3128693,854,6306,1371,0,0
264,3128693,854,6306,1371,0,0
265,3128693,854,6306,1371,0,0
266,3128693,854,6306,1371,0,0
267,3128693,854,6306,1371,0,0
268,3128693,854,6306,1371,0,0
269,3128693,854,6306,1371,0,0
270,3128693,854,6306,1371,0,0
271,3128671,830,6352,1371,0,0
272,3128640,727,6486,1371,0,0
273,3128610,644,6599,1371,0,0
274,3128591,597,6665,1371,0,0
275,3128586,555,6712,1371,0,0
276,3128585,539,6729,1371,0,0
277,3128575,545,6733,1371,0,0
278,3128564,547,6742,1371,0,0
279,3128558,550,6745,1371,0,0
280,3128550,551,6752,1371,0,0
281,3128541,555,6757,1371,0,0
282,3128541,555,6757,1371,0,0
283,3128541,555,6757,1371,0,0
284,3128541,555,6757,1371,0,0
285,3128541,555,6757,1371,0,0
286,3128541,555,6757,1371,0,0
287,3128541,555,4738,1371,2019,0
288,3128541,555,4725,1384,2019,0
289,3128541,555,4725,1384,2019,0
290,3128541,555,4725,1384,2019,0
291,3128541,555,4725,1384,2019,0
292,3128541,555,4725,1384,2019,0
293,3128541,555,4725,1384,2019,0
294,3128541,555,4725,1384,2019,0
295,3128523,524,4774,1384,2019,0
296,3128517,414,4890,1384,2019,0
297,3128516,310,4995,1384,2019,0
298,3128515,250,5056,1384,2019,0
299,3128513,227,5081,1384,2019,0
300,3128513,211,5097,1384,2019,0
301,3128513,207,5101,1384,2019,0
302,3128513,200,5108,1384,2019,0
303,3128513,198,5110,1384,2019,0
304,3128513,189,5119,1384,2019,0
305,3128489,206,5126,1384,2019,0
306,3128489,204,5128,1384,2019,0
307,3128489,204,5128,1384,2019,0
308,3128489,204,5128,1384,2019,0
309,3128489,204,5128,1384,2019,0
310,3128489,204,5128,1384,2019,0
311,3128489,204,5128,1384,2019,0
312,3128489,204,5093,1419,2019,0
313,3128489,204,5093,1419,2019,0
314,3128489,204,5093,1419,2019,0
315,3128489,204,5093,1419,2019,0
316,3128489,204,5093,1419,2019,0
317,3128489,204,5093,1419,2019,0
318,3128489,204,5093,1419,2019,0
319,3128483,183,5120,1419,2019,0
320,3128474,157,5155,1419,2019,0
321,3128465,147,5174,1419,2019,0
322,3128461,131,5194,1419,2019,0
323,3128461,126,5199,1419,2019,0
324,3128461,119,5206,1419,2019,0
325,3128461,112,5213,1419,2019,0
326,3128461,103,5222,1419,2019,0
327,3128461,99,5226,1419,2019,0
328,3128460,90,5236,1419,2019,0
329,3128449,94,5243,1419,2019,0
330,3128449,92,5245,1419,2019,0
331,3128449,92,5245,1419,2019,0
332,3128449,92,5245,1419,2019,0
333,3128449,92,5245,1419,2019,0
334,3128449,92,5245,1419,2019,0
335,3128449,92,5245,1419,2019,0
336,3128449,92,5202,1462,2019,0
337,3128449,92,5202,1462,2019,0
338,3128449,92,5202,1462,2019,0
339,3128449,92,5202,1462,2019,0
340,3128449,92,5202,1462,2019,0
341,3128449,92,5202,1462,2019,0
342,3128449,92,5202,1462,2019,0
343,3128435,91,5217,1462,2019,0
344,3128425,93,5225,1462,2019,0
345,3128419,98,5226,1462,2019,0
346,3128417,96,5230,1462,2019,0
347,3128414,99,5230,1462,2019,0
348,3128413,100,5230,1462,2019,0
349,3128413,100,5230,1462,2019,0
350,3128413,100,5230,1462,2019,0
351,3128413,100,5230,1462,2019,0
352,3128413,93,5237,1462,2019,0
353,3128402,93,5248,1462,2019,0
354,3128402,87,5254,1462,2019,0
355,3128402,87,5254,1462,2019,0
356,3128402,87,5254,1462,2019,0
357,3128402,87,5254,1462,2019,0
358,3128402,87,5254,1462,2019,0
359,3128402,87,2115,1462,5158,0
360,3128402,87,2037,1540,5158,0
361,3128402,87,2037,1540,5158,0
362,3128402,87,2037,1540,5158,0
363,3128402,87,2037,1540,5158,0
364,3128402,87,2037,1540,5158,0
365,3128402,87,2037,1540,5158,0
366,3128402,87,2037,1540,5158,0
367,3128402,82,2042,1540,5158,0
368,3128376,99,2051,1540,5158,0
369,3128355,112,2059,1540,5158,0
370,3128346,116,2064,1540,5158,0
371,3128340,121,2065,1540,5158,0
372,3128340,121,2065,1540,5158,0
373,3128340,121,2065,1540,5158,0
374,3128340,121,2065,1540,5158,0
375,3128340,121,2065,1540,5158,0
376,3128340,118,2068,1540,5158,0
377,3128340,112,2074,1540,5158,0
378,3128340,109,2077,1540,5158,0
379,3128340,109,2077,1540,5158,0
380,3128340,109,2077,1540,5158,0
381,3128340,109,2077,1540,5158,0
382,3128340,109,2077,1540,5158,0
383,3128340,109,2077,1540,5158,0
384,3128340,109,1998,1619,5158,0
385,3128340,109,1998,1619,5158,0
386,3128340,109,1998,1619,5158,0
387,3128340,109,1998,1619,5158,0
388,3128340,109,1998,1619,5158,0
389,3128340,109,1998,1619,5158,0
390,3128340,109,1998,1619,5158,0
391,3128340,97,2010,1619,5158,0
392,3128316,109,2022,1619,5158,0
393,3128305,115,2027,1619,5158,0
394,3128297,119,2031,1619,5158,0
395,3128288,126,2033,1619,5158,0
396,3128288,125,2034,1619,5158,0
397,3128287,126,2034,1619,5158,0
398,3128285,128,2034,1619,5158,0
399,3128285,128,2034,1619,5158,0
400,3128284,126,2037,1619,5158,0
401,3128284,119,2044,1619,5158,0
402,3128284,118,2045,1619,5158,0
403,3128284,118,2045,1619,5158,0
404,3128284,118,2045,1619,5158,0
405,3128284,118,2045,1619,5158,0
406,3128284,118,2045,1619,5158,0
407,3128284,118,2045,1619,5158,0
408,3128284,118,1958,1706,5158,0
409,3128284,118,1958,1706,5158,0
410,3128284,118,1958,1706,5158,0
411,3128284,118,1958,1706,5158,0
412,3128284,118,1958,1706,5158,0
413,3128284,118,1958,1706,5158,0
414,3128284,118,1958,1706,5158,0
415,3128280,111,1969,1706,5158,0
416,3128255,120,1985,1706,5158,0
417,3128236,122,2002,1706,5158,0
418,3128229,116,2015,1706,5158,0
419,3128225,115,2020,1706,5158,0
420,3128222,118,2020,1706,5158,0
421,3128221,119,2020,1706,5158,0
422,3128221,119,2020,1706,5158,0
423,3128220,120,2020,1706,5158,0
424,3128220,120,2020,1706,5158,0
425,3128218,122,2020,1706,5158,0
426,3128218,122,2020,1706,5158,0
427,3128218,122,2020,1706,5158,0
428,3128218,122,2020,1706,5158,0
429,3128218,122,2020,1706,5158,0
430,3128218,122,2020,1706,5158,0
431,3128218,122,1923,1706,5255,0
432,3128218,122,1870,1759,5255,0
433,3128218,122,1870,1759,5255,0
434,3128218,122,1870,1759,5255,0
435,3128218,122,1870,1759,5255,0
436,3128218,122,1870,1759,5255,0
437,3128218,122,1870,1759,5255,0
438,3128218,122,1870,1759,5255,0
439,3128217,116,1877,1759,5255,0
440,3128200,115,1895,1759,5255,0
441,3128191,114,1905,1759,5255,0
442,3128184,112,1914,1759,5255,0
443,3128178,111,1921,1759,5255,0
444,3128175,112,1923,1759,5255,0
445,3128172,115,1923,1759,5255,0
446,3128171,114,1925,1759,5255,0
447,3128170,115,1925,1759,5255,0
448,3128170,114,1926,1759,5255,0
449,3128166,118,1926,1759,5255,0
450,3128166,118,1926,1759,5255,0
451,3128166,118,1926,1759,5255,0
452,3128166,118,1926,1759,5255,0
453,3128166,118,1926,1759,5255,0
454,3128166,118,1926,1759,5255,0
455,3128166,118,1802,1759,5379,0
456,3128166,118,1750,1811,5379,0
457,3128166,118,1750,1811,5379,0
458,3128166,118,1750,1811,5379,0
459,3128166,118,1750,1811,5379,0
460,3128166,118,1750,1811,5379,0
461,3128166,118,1750,1811,5379,0
462,3128166,118,1750,1811,5379,0
463,3128161,113,1760,1811,5379,0
464,3128153,102,1779,1811,5379,0
465,3128143,94,1797,1811,5379,0
466,3128137,92,1805,1811,5379,0
467,3128126,99,1809,1811,5379,0
468,3128123,98,1813,1811,5379,0
469,3128121,100,1813,1811,5379,0
470,3128121,100,1813,1811,5379,0
471,3128121,99,1814,1811,5379,0
472,3128119,100,1815,1811,5379,0
473,3128114,104,1816,1811,5379,0
474,3128114,104,1816,1811,5379,0
475,3128114,104,1816,1811,5379,0
476,3128114,104,1816,1811,5379,0
477,3128114,104,1816,1811,5379,0
478,3128114,104,1816,1811,5379,0
479,3128114,104,1686,1811,5509,0
480,3128114,104,1653,1844,5509,0
481,3128114,104,1653,1844,5509,0
482,3128114,104,1653,1844,5509,0
483,3128114,104,1653,1844,5509,0
484,3128114,104,1653,1844,5509,0
485,3128114,104,1653,1844,5509,0
486,3128114,104,1653,1844,5509,0
487,3128110,103,1658,1844,5509,0
488,3128101,101,1669,1844,5509,0
489,3128087,104,1680,1844,5509,0
490,3128082,100,1689,1844,5509,0
491,3128076,104,1691,1844,5509,0
492,3128075,99,1697,1844,5509,0
493,3128072,101,1698,1844,5509,0
494,3128070,101,1700,1844,5509,0
495,3128068,102,1701,1844,5509,0
496,3128066,103,1702,1844,5509,0
497,3128061,105,1705,1844,5509,0
498,3128061,105,1705,1844,5509,0
499,3128061,105,1705,1844,5509,0
500,3128061,105,1705,1844,5509,0
501,3128061,105,1705,1844,5509,0
502,3128061,105,1705,1844,5509,0
503,3128061,105,1411,1844,5803,0
504,3128061,105,1395,1860,5803,0
505,3128061,105,1395,1860,5803,0
506,3128061,105,1395,1860,5803,0
507,3128061,105,1395,1860,5803,0
508,3128061,105,1395,1860,5803,0
509,3128061,105,1395,1860,5803,0
510,3128061,105,1395,1860,5803,0
511,3128009,154,1398,1860,5803,0
512,3127968,182,1411,1860,5803,0
513,3127822,321,1418,1860,5803,0
514,3127707,427,1427,1860,5803,0
515,3127588,541,1432,1860,5803,0
516,3127554,567,1440,1860,5803,0
517,3127524,597,1440,1860,5803,0
518,3127493,628,1440,1860,5803,0
519,3127459,661,1441,1860,5803,0
520,3127417,700,1444,1860,5803,0
521,3127348,767,1446,1860,5803,0
522,3127348,766,1447,1860,5803,0
523,3127348,766,1447,1860,5803,0
524,3127348,766,1447,1860,5803,0
525,3127348,766,1447,1860,5803,0
526,3127348,766,1447,1860,5803,0
527,3127348,766,1130,1860,6120,0
528,3127348,766,1117,1873,6120,0
529,3127348,766,1117,1873,6120,0
530,3127348,766,1117,1873,6120,0
531,3127348,766,1117,1873,6120,0
532,3127348,766,1117,1873,6120,0
533,3127348,766,1117,1873,6120,0
534,3127348,766,1117,1873,6120,0
535,3127346,763,1122,1873,6120,0
536,3127320,779,1132,1873,6120,0
537,3127300,786,1145,1873,6120,0
538,3127287,795,1149,1873,6120,0
539,3127278,800,1153,1873,6120,0
540,3127277,799,1155,1873,6120,0
541,3127274,798,1159,1873,6120,0
542,3127273,797,1161,1873,6120,0
543,3127272,796,1163,1873,6120,0
544,3127271,794,1166,1873,6120,0
545,3127267,795,1169,1873,6120,0
546,3127267,794,1170,1873,6120,0
547,3127267,794,1170,1873,6120,0
548,3127267,794,1170,1873,6120,0
549,3127267,794,1170,1873,6120,0
550,3127267,794,1170,1873,6120,0
551,3127267,794,917,1873,6373,0
552,3127267,794,905,1885,6373,0
553,3127267,794,905,1885,6373,0
554,3127267,794,905,1885,6373,0
555,3127267,794,905,1885,6373,0
556,3127267,794,905,1885,6373,0
557,3127267,794,905,1885,6373,0
558,3127267,794,905,1885,6373,0
559,3127261,757,948,1885,6373,0
560,3127254,682,1030,1885,6373,0
561,3127250,568,1148,1885,6373,0
562,3127245,442,1279,1885,6373,0
563,3127239,360,1367,1885,6373,0
564,3127238,312,1416,1885,6373,0
565,3127237,280,1449,1885,6373,0
566,3127236,262,1468,1885,6373,0
567,3127235,222,1509,1885,6373,0
568,3127234,169,1563,1885,6373,0
569,3127223,140,1603,1885,6373,0
570,3127223,125,1618,1885,6373,0
571,3127223,125,1618,1885,6373,0
572,3127223,125,1618,1885,6373,0
573,3127223,125,1618,1885,6373,0
574,3127223,125,1618,1885,6373,0
575,3127223,125,1410,1885,6581,0
576,3127223,125,1399,1896,6581,0
577,3127223,125,1399,1896,6581,0
578,3127223,125,1399,1896,6581,0
579,3127223,125,1399,1896,6581,0
580,3127223,125,1399,1896,6581,0
581,3127223,125,1399,1896,6581,0
582,3127223,125,1399,1896,6581,0
583,3127217,120,1410,1896,6581,0
584,3127210,108,1429,1896,6581,0
585,3127204,95,1448,1896,6581,0
586,3127201,90,1456,1896,6581,0
587,3127201,80,1466,1896,6581,0
588,3127201,77,1469,1896,6581,0
589,3127200,74,1473,1896,6581,0
590,3127200,74,1473,1896,6581,0
591,3127200,72,1475,1896,6581,0
592,3127199,71,1477,1896,6581,0
593,3127190,78,1479,1896,6581,0
594,3127190,77,1480,1896,6581,0
595,3127188,79,1480,1896,6581,0
596,3127188,79,1480,1896,6581,0
597,3127187,80,1480,1896,6581,0
598,3127187,80,1480,1896,6581,0
599,3127187,80,1261,1896,6800,0
600,3127187,80,1245,1912,6800,0
601,3127187,80,1245,1912,6800,0
602,3127187,80,1245,1912,6800,0
603,3127187,80,1245,1912,6800,0
604,3127187,80,1245,1912,6800,0
605,3127187,80,1245,1912,6800,0
606,3127187,80,1245,1912,6800,0
607,3127178,82,1252,1912,6800,0
608,3127176,78,1258,1912,6800,0
609,3127173,78,1261,1912,6800,0
610,3127170,71,1271,1912,6800,0
611,3127169,69,1274,1912,6800,0
612,3127169,69,1274,1912,6800,0
613,3127168,68,1276,1912,6800,0
614,3127166,70,1276,1912,6800,0
615,3127165,70,1277,1912,6800,0
616,3127163,70,1279,1912,6800,0
617,3127159,66,1287,1912,6800,0
618,3127159,64,1289,1912,6800,0
619,3127159,64,1289,1912,6800,0
620,3127159,64,1289,1912,6800,0
621,3127159,64,1289,1912,6800,0
622,3127159,64,1289,1912,6800,0
623,3127159,64,1207,1912,6882,0
624,3127159,64,1194,1925,6882,0
625,3127159,64,1194,1925,6882,0
626,3127159,64,1194,1925,6882,0
627,3127159,64,1194,1925,6882,0
628,3127159,64,1194,1925,6882,0
629,3127159,64,1194,1925,6882,0
630,3127159,64,1194,1925,6882,0
631,3127156,63,1198,1925,6882,0
632,3127154,58,1205,1925,6882,0
633,3127152,53,1212,1925,6882,0
634,3127151,52,1214,1925,6882,0
635,3127150,51,1216,1925,6882,0
636,3127149,52,1216,1925,6882,0
637,3127149,51,1217,1925,6882,0
638,3127149,51,1217,1925,6882,0
639,3127148,52,1217,1925,6882,0
640,3127148,47,1222,1925,6882,0
641,3127147,45,1225,1925,6882,0
642,3127147,42,1228,1925,6882,0
643,3127147,41,1229,1925,6882,0
644,3127147,41,1229,1925,6882,0
645,3127147,41,1229,1925,6882,0
646,3127147,40,1230,1925,6882,0
647,3127147,40,1179,1925,6933,0
648,3127147,40,1143,1961,6933,0
649,3127147,40,1143,1961,6933,0
650,3127147,40,1143,1961,6933,0
651,3127147,40,1143,1961,6933,0
652,3127147,40,1143,1961,6933,0
653,3127147,40,1143,1961,6933,0
654,3127147,40,1143,1961,6933,0
655,3127145,35,1150,1961,6933,0
656,3127123,53,1154,1961,6933,0
657,3127114,58,1158,1961,6933,0
658,3127111,59,1160,1961,6933,0
659,3127108,61,1161,1961,6933,0
660,3127107,62,1161,1961,6933,0
661,3127106,61,1163,1961,6933,0
662,3127105,62,1163,1961,6933,0
663,3127105,61,1164,1961,6933,0
664,3127105,58,1167,1961,6933,0
665,3127101,60,1169,1961,6933,0
666,3127100,59,1171,1961,6933,0
667,3127100,59,1171,1961,6933,0
668,3127100,59,1171,1961,6933,0
669,3127100,59,1171,1961,6933,0
670,3127100,59,1171,1961,6933,0
671,3127100,59,1139,1961,6965,0
672,3127100,59,1088,2012,6965,0
673,3127100,59,1088,2012,6965,0
674,3127100,59,1088,2012,6965,0
675,3127100,59,1088,2012,6965,0
676,3127100,59,1088,2012,6965,0
677,3127100,59,1088,2012,6965,0
678,3127100,59,1088,2012,6965,0
679,3127098,60,1089,2012,6965,0
680,3127088,65,1094,2012,6965,0
681,3127076,76,1095,2012,6965,0
682,3127066,85,1096,2012,6965,0
683,3127061,89,1097,2012,6965,0
684,3127061,88,1098,2012,6965,0
685,3127061,88,1098,2012,6965,0
686,3127061,88,1098,2012,6965,0
687,3127060,88,1099,2012,6965,0
688,3127060,88,1099,2012,6965,0
689,3127058,90,1099,2012,6965,0
690,3127058,89,1100,2012,6965,0
691,3127058,89,1100,2012,6965,0
692,3127058,89,1100,2012,6965,0
693,3127058,89,1100,2012,6965,0
694,3127058,89,1100,2012,6965,0
695,3127058,89,1058,641,8331,47
696,3127058,89,1021,678,8331,47
697,3127058,89,1021,678,8331,47
698,3127058,89,1021,678,8331,47
699,3127058,89,1021,678,8331,47
700,3127058,89,1021,678,8331,47
701,3127058,89,1021,678,8331,47
702,3127058,89,1021,678,8331,47
703,3127057,83,1028,678,8331,47
704,3127036,88,1044,678,8331,47
705,3127020,96,1052,678,8331,47
706,3127010,101,1057,678,8331,47
707,3127002,105,1061,678,8331,47
708,3127002,105,1061,678,8331,47
709,3127001,105,1062,678,8331,47
710,3127000,105,1063,678,8331,47
711,3126999,106,1063,678,8331,47
712,3126999,105,1064,678,8331,47
713,3126998,104,1066,678,8331,47
714,3126998,102,1068,678,8331,47
715,3126998,102,1068,678,8331,47
716,3126998,102,1068,678,8331,47
717,3126998,102,1068,678,8331,47
718,3126998,102,1068,678,8331,47
719,3126998,102,1028,678,8371,47
720,3126998,102,991,715,8371,47
721,3126998,102,991,715,8371,47
722,3126998,102,991,715,8371,47
723,3126998,102,991,715,8371,47
724,3126998,102,991,715,8371,47
725,3126998,102,991,715,8371,47
726,3126998,102,991,715,8371,47
727,3126998,97,996,715,8371,47
728,3126984,103,1004,715,8371,47
729,3126971,104,1016,715,8371,47
730,3126964,103,1024,715,8371,47
731,3126960,102,1029,715,8371,47
732,3126959,102,1030,715,8371,47
733,3126958,103,1030,715,8371,47
734,3126957,104,1030,715,8371,47
735,3126954,107,1030,715,8371,47
736,3126953,106,1032,715,8371,47
737,3126951,107,1033,715,8371,47
738,3126951,107,1033,715,8371,47
739,3126951,107,1033,715,8371,47
740,3126951,107,1033,715,8371,47
741,3126951,107,1033,715,8371,47
742,3126951,107,1033,715,8371,47
743,3126951,107,982,715,8422,47
744,3126951,107,940,757,8422,47
745,3126951,107,940,757,8422,47
746,3126951,107,940,757,8422,47
747,3126951,107,940,757,8422,47
748,3126951,107,940,757,8422,47
749,3126951,107,940,757,8422,47
750,3126951,107,940,757,8422,47
751,3126948,101,949,757,8422,47
752,3126933,105,960,757,8422,47
753,3126926,93,979,757,8422,47
754,3126917,92,989,757,8422,47
755,3126910,93,995,757,8422,47
756,3126910,92,996,757,8422,47
757,3126910,92,996,757,8422,47
758,3126909,92,997,757,8422,47
759,3126907,92,999,757,8422,47
760,3126906,93,999,757,8422,47
761,3126902,96,1000,757,8422,47
762,3126902,96,1000,757,8422,47
763,3126902,96,1000,757,8422,47
764,3126902,96,1000,757,8422,47
765,3126902,96,1000,757,8422,47
766,3126902,96,1000,757,8422,47
767,3126902,96,958,757,8464,47
768,3126902,96,946,769,8464,47
769,3126902,96,946,769,8464,47
770,3126902,96,946,769,8464,47
771,3126902,96,946,769,8464,47
772,3126902,96,946,769,8464,47
773,3126902,96,946,769,8464,47
774,3126902,96,946,769,8464,47
775,3126900,90,954,769,8464,47
776,3126893,90,961,769,8464,47
777,3126890,85,969,769,8464,47
778,3126886,77,981,769,8464,47
779,3126884,76,984,769,8464,47
780,3126883,75,986,769,8464,47
781,3126881,76,987,769,8464,47
782,3126879,77,988,769,8464,47
783,3126879,75,990,769,8464,47
784,3126878,74,992,769,8464,47
785,3126876,75,993,769,8464,47
786,3126876,75,993,769,8464,47
787,3126876,75,993,769,8464,47
788,3126876,75,993,769,8464,47
789,3126876,75,993,769,8464,47
790,3126876,75,993,769,8464,47
791,3126876,75,755,769,8702,47
792,3126876,75,744,780,8702,47
793,3126876,75,744,780,8702,47
794,3126876,75,744,780,8702,47
795,3126876,75,744,780,8702,47
796,3126876,75,744,780,8702,47
797,3126876,75,744,780,8702,47
798,3126876,75,744,780,8702,47
799,3126869,75,751,780,8702,47
800,3126867,67,761,780,8702,47
801,3126865,57,773,780,8702,47
802,3126863,56,776,780,8702,47
803,3126862,53,780,780,8702,47
804,3126862,48,785,780,8702,47
805,3126860,50,785,780,8702,47
806,3126859,50,786,780,8702,47
807,3126858,49,788,780,8702,47
808,3126858,48,789,780,8702,47
809,3126856,47,792,780,8702,47
810,3126856,46,793,780,8702,47
811,3126856,46,793,780,8702,47
812,3126856,46,793,780,8702,47
813,3126856,46,793,780,8702,47
814,3126856,46,793,780,8702,47
815,3126856,46,750,780,8745,47
816,3126856,46,747,783,8745,47
817,3126856,46,747,783,8745,47
818,3126856,46,747,783,8745,47
819,3126856,46,747,783,8745,47
820,3126856,46,747,783,8745,47
821,3126856,46,747,783,8745,47
822,3126856,46,747,783,8745,47
823,3126853,47,749,783,8745,47
824,3126853,42,754,783,8745,47
825,3126850,39,760,783,8745,47
826,3126847,38,764,783,8745,47
827,3126847,36,766,783,8745,47
828,3126847,34,768,783,8745,47
829,3126847,34,768,783,8745,47
830,3126847,32,770,783,8745,47
831,3126847,31,771,783,8745,47
832,3126847,30,772,783,8745,47
833,3126844,32,773,783,8745,47
834,3126844,32,773,783,8745,47
835,3126844,32,773,783,8745,47
836,3126844,32,773,783,8745,47
837,3126844,32,773,783,8745,47
838,3126844,32,773,783,8745,47
839,3126844,32,730,701,8866,51
840,3126844,32,726,705,8866,51
841,3126844,32,726,705,8866,51
842,3126844,32,726,705,8866,51
843,3126844,32,726,705,8866,51
844,3126844,32,726,705,8866,51
845,3126844,32,726,705,8866,51
846,3126844,32,726,705,8866,51
847,3126842,29,731,705,8866,51
848,3126841,26,735,705,8866,51
849,3126841,23,738,705,8866,51
850,3126838,25,739,705,8866,51
851,3126838,25,739,705,8866,51
852,3126836,26,740,705,8866,51
853,3126835,26,741,705,8866,51
854,3126833,26,743,705,8866,51
855,3126833,25,744,705,8866,51
856,3126833,23,746,705,8866,51
857,3126828,28,746,705,8866,51
858,3126828,28,746,705,8866,51
859,3126828,28,746,705,8866,51
860,3126828,28,746,705,8866,51
861,3126828,28,746,705,8866,51
862,3126828,28,746,705,8866,51
863,3126828,28,388,628,9298,54
864,3126828,28,382,634,9298,54
865,3126828,28,382,634,9298,54
866,3126828,28,382,634,9298,54
867,3126828,28,382,634,9298,54
868,3126828,28,382,634,9298,54
869,3126828,28,382,634,9298,54
870,3126828,28,382,634,9298,54
871,3126827,26,385,634,9298,54
872,3126826,25,387,634,9298,54
873,3126823,25,390,634,9298,54
874,3126823,24,391,634,9298,54
875,3126823,24,391,634,9298,54
876,3126823,24,391,634,9298,54
877,3126823,24,391,634,9298,54
878,3126823,24,391,634,9298,54
879,3126823,24,391,634,9298,54
880,3126823,24,391,634,9298,54
881,3126820,26,392,634,9298,54
882,3126820,24,394,634,9298,54
883,3126820,24,394,634,9298,54
884,3126820,24,394,634,9298,54
885,3126820,24,394,634,9298,54
886,3126820,24,394,634,9298,54
887,3126820,24,345,551,9426,58
888,3126820,24,341,555,9426,58
889,3126820,24,341,555,9426,58
890,3126820,24,341,555,9426,58
891,3126820,24,341,555,9426,58
892,3126820,24,341,555,9426,58
893,3126820,24,341,555,9426,58
894,3126820,24,341,555,9426,58
895,3126818,24,343,555,9426,58
896,3126817,25,343,555,9426,58
897,3126816,24,345,555,9426,58
898,3126815,24,346,555,9426,58
899,3126814,23,348,555,9426,58
900,3126814,22,349,555,9426,58
901,3126814,20,351,555,9426,58
902,3126814,19,352,555,9426,58
903,3126814,19,352,555,9426,58
904,3126814,16,355,555,9426,58
905,3126812,17,356,555,9426,58
906,3126812,16,357,555,9426,58
907,3126812,16,357,555,9426,58
908,3126812,16,357,555,9426,58
909,3126812,16,357,555,9426,58
910,3126812,16,357,555,9426,58
911,3126812,16,337,449,9549,61
912,3126812,16,324,462,9549,61
913,3126812,16,324,462,9549,61
914,3126812,16,324,462,9549,61
915,3126812,16,324,462,9549,61
916,3126812,16,324,462,9549,61
917,3126812,16,324,462,9549,61
918,3126812,16,324,462,9549,61
919,3126812,15,325,462,9549,61
920,3126807,18,327,462,9549,61
921,3126805,18,329,462,9549,61
922,3126804,19,329,462,9549,61
923,3126804,19,329,462,9549,61
924,3126803,20,329,462,9549,61
925,3126803,20,329,462,9549,61
926,3126802,21,329,462,9549,61
927,3126802,21,329,462,9549,61
928,3126802,20,330,462,9549,61
929,3126802,18,332,462,9549,61
930,3126802,18,332,462,9549,61
931,3126802,18,332,462,9549,61
932,3126802,18,332,462,9549,61
933,3126802,18,332,462,9549,61
934,3126802,18,332,462,9549,61
935,3126802,18,299,383,9658,64
936,3126802,18,289,393,9658,64
937,3126802,18,289,393,9658,64
938,3126802,18,289,393,9658,64
939,3126802,18,289,393,9658,64
940,3126802,18,289,393,9658,64
941,3126802,18,289,393,9658,64
942,3126802,18,289,393,9658,64
943,3126802,16,291,393,9658,64
944,3126798,18,293,393,9658,64
945,3126796,19,294,393,9658,64
946,3126795,20,294,393,9658,64
947,3126795,19,295,393,9658,64
948,3126794,20,295,393,9658,64
949,3126794,20,295,393,9658,64
950,3126794,20,295,393,9658,64
951,3126794,20,295,393,9658,64
952,3126794,19,296,393,9658,64
953,3126792,20,297,393,9658,64
954,3126792,20,297,393,9658,64
955,3126792,20,297,393,9658,64
956,3126792,20,297,393,9658,64
957,3126792,20,297,393,9658,64
958,3126792,20,297,393,9658,64
959,3126792,20,274,353,9720,65
960,3126792,20,267,360,9720,65
961,3126792,20,267,360,9720,65
962,3126792,20,267,360,9720,65
963,3126792,20,267,360,9720,65
964,3126792,20,267,360,9720,65
965,3126792,20,267,360,9720,65
966,3126792,20,267,360,9720,65
967,3126792,19,268,360,9720,65
968,3126786,22,271,360,9720,65
969,3126785,20,274,360,9720,65
970,3126783,21,275,360,9720,65
971,3126783,21,275,360,9720,65
972,3126783,20,276,360,9720,65
973,3126783,19,277,360,9720,65
974,3126783,19,277,360,9720,65
975,3126783,19,277,360,9720,65
976,3126783,19,277,360,9720,65
977,3126783,19,277,360,9720,65
978,3126783,19,277,360,9720,65
979,3126783,19,277,360,9720,65
980,3126783,19,277,360,9720,65
981,3126783,19,277,360,9720,65
982,3126783,19,277,360,9720,65
983,3126783,19,256,348,9751,67
984,3126783,19,249,355,9751,67
985,3126783,19,249,355,9751,67
986,3126783,19,249,355,9751,67
987,3126783,19,249,355,9751,67
988,3126783,19,249,355,9751,67
989,3126783,19,249,355,9751,67
990,3126783,19,249,355,9751,67
991,3126779,22,250,355,9751,67
992,3126777,23,251,355,9751,67
993,3126776,20,255,355,9751,67
994,3126775,20,256,355,9751,67
995,3126775,20,256,355,9751,67
996,3126775,19,257,355,9751,67
997,3126775,19,257,355,9751,67
998,3126775,19,257,355,9751,67
999,3126775,19,257,355,9751,67
1000,3126774,20,257,355,9751,67
1001,3126774,19,258,355,9751,67
1002,3126774,18,259,355,9751,67
1003,3126774,18,259,355,9751,67
1004,3126774,18,259,355,9751,67
1005,3126774,18,259,355,9751,67
1006,3126774,18,259,355,9751,67
1007,3126774,18,220,347,9797,68
1008,3126774,18,217,350,9797,68
1009,3126774,18,217,350,9797,68
1010,3126774,18,217,350,9797,68
1011,3126774,18,217,350,9797,68
1012,3126774,18,217,350,9797,68
1013,3126774,18,217,350,9797,68
1014,3126774,18,217,350,9797,68
1015,3126772,16,221,350,9797,68
1016,3126770,16,223,350,9797,68
1017,3126769,16,224,350,9797,68
1018,3126767,16,226,350,9797,68
1019,3126765,18,226,350,9797,68
1020,3126765,18,226,350,9797,68
1021,3126765,18,226,350,9797,68
1022,3126765,18,226,350,9797,68
1023,3126765,18,226,350,9797,68
1024,3126765,18,226,350,9797,68
1025,3126762,21,226,350,9797,68
1026,3126762,21,226,350,9797,68
1027,3126762,21,226,350,9797,68
1028,3126762,21,226,350,9797,68
1029,3126762,21,226,350,9797,68
1030,3126762,21,226,350,9797,68
1031,3126762,21,187,337,9849,68
1032,3126762,21,183,341,9849,68
1033,3126762,21,183,341,9849,68
1034,3126762,21,183,341,9849,68
1035,3126762,21,183,341,9849,68
1036,3126762,21,183,341,9849,68
1037,3126762,21,183,341,9849,68
1038,3126762,21,183,341,9849,68
1039,3126762,16,188,341,9849,68
1040,3126761,16,189,341,9849,68
1041,3126759,17,190,341,9849,68
1042,3126759,16,191,341,9849,68
1043,3126759,16,191,341,9849,68
1044,3126759,16,191,341,9849,68
1045,3126758,17,191,341,9849,68
1046,3126758,17,191,341,9849,68
1047,3126757,18,191,341,9849,68
1048,3126757,18,191,341,9849,68
1049,3126756,18,192,341,9849,68
1050,3126756,18,192,341,9849,68
1051,3126756,18,192,341,9849,68
1052,3126756,18,192,341,9849,68
1053,3126756,18,192,341,9849,68
1054,3126756,18,192,341,9849,68
1055,3126756,18,146,328,9907,69
1056,3126756,18,146,328,9907,69
1057,3126756,18,146,328,9907,69
1058,3126756,18,146,328,9907,69
1059,3126756,18,146,328,9907,69
1060,3126756,18,146,328,9907,69
1061,3126756,18,146,328,9907,69
1062,3126756,18,146,328,9907,69
1063,3126756,17,147,328,9907,69
1064,3126756,13,151,328,9907,69
1065,3126756,12,152,328,9907,69
1066,3126756,11,153,328,9907,69
1067,3126755,10,155,328,9907,69
1068,3126755,10,155,328,9907,69
1069,3126755,10,155,328,9907,69
1070,3126755,10,155,328,9907,69
1071,3126755,10,155,328,9907,69
1072,3126754,11,155,328,9907,69
1073,3126752,11,157,328,9907,69
1074,3126752,10,158,328,9907,69
1075,3126752,10,158,328,9907,69
1076,3126752,10,158,328,9907,69
1077,3126752,10,158,328,9907,69
1078,3126752,10,158,328,9907,69
1079,3126752,10,127,319,9947,69
1080,3126752,10,126,320,9947,69
1081,3126752,10,126,320,9947,69
1082,3126752,10,126,320,9947,69
1083,3126752,10,126,320,9947,69
1084,3126752,10,126,320,9947,69
1085,3126752,10,126,320,9947,69
1086,3126752,10,126,320,9947,69
1087,3126751,11,126,320,9947,69
1088,3126751,11,126,320,9947,69
1089,3126750,9,129,320,9947,69
1090,3126750,9,129,320,9947,69
1091,3126750,9,129,320,9947,69
1092,3126749,9,130,320,9947,69
1093,3126749,9,130,320,9947,69
1094,3126749,9,130,320,9947,69
1095,3126749,8,131,320,9947,69
1096,3126749,7,132,320,9947,69
1097,3126748,8,132,320,9947,69
1098,3126748,8,132,320,9947,69
1099,3126748,8,132,320,9947,69
1100,3126748,8,132,320,9947,69
1101,3126748,8,132,320,9947,69
1102,3126748,8,132,320,9947,69
1103,3126748,8,111,305,9983,69
1104,3126748,8,110,306,9983,69
1105,3126748,8,110,306,9983,69
1106,3126748,8,110,306,9983,69
1107,3126748,8,110,306,9983,69
1108,3126748,8,110,306,9983,69
1109,3126748,8,110,306,9983,69
1110,3126748,8,110,306,9983,69
1111,3126747,9,110,306,9983,69
1112,3126745,11,110,306,9983,69
1113,3126745,11,110,306,9983,69
1114,3126745,10,111,306,9983,69
1115,3126745,10,111,306,9983,69
1116,3126745,10,111,306,9983,69
1117,3126744,11,111,306,9983,69
1118,3126744,11,111,306,9983,69
1119,3126744,11,111,306,9983,69
1120,3126744,9,113,306,9983,69
1121,3126741,11,114,306,9983,69
1122,3126741,11,114,306,9983,69
1123,3126741,11,114,306,9983,69
1124,3126741,11,114,306,9983,69
1125,3126741,11,114,306,9983,69
1126,3126741,11,114,306,9983,69
1127,3126741,11,100,292,10010,70
1128,3126741,11,94,298,10010,70
1129,3126741,11,94,298,10010,70
1130,3126741,11,94,298,10010,70
1131,3126741,11,94,298,10010,70
1132,3126741,11,94,298,10010,70
1133,3126741,11,94,298,10010,70
1134,3126741,11,94,298,10010,70
1135,3126740,11,95,298,10010,70
1136,3126739,11,96,298,10010,70
1137,3126739,11,96,298,10010,70
1138,3126738,12,96,298,10010,70
1139,3126738,12,96,298,10010,70
1140,3126738,12,96,298,10010,70
1141,3126738,11,97,298,10010,70
1142,3126738,11,97,298,10010,70
1143,3126738,11,97,298,10010,70
1144,3126738,10,98,298,10010,70
1145,3126737,11,98,298,10010,70
1146,3126737,11,98,298,10010,70
1147,3126737,11,98,298,10010,70
1148,3126737,11,98,298,10010,70
1149,3126737,11,98,298,10010,70
1150,3126737,11,98,298,10010,70
1151,3126737,11,83,287,10036,70
1152,3126737,11,79,291,10036,70
1153,3126737,11,79,291,10036,70
1154,3126737,11,79,291,10036,70
1155,3126737,11,79,291,10036,70
1156,3126737,11,79,291,10036,70
1157,3126737,11,79,291,10036,70
1158,3126737,11,79,291,10036,70
1159,3126735,12,80,291,10036,70
1160,3126734,11,82,291,10036,70
1161,3126734,11,82,291,10036,70
1162,3126733,12,82,291,10036,70
1163,3126733,12,82,291,10036,70
1164,3126733,12,82,291,10036,70
1165,3126733,11,83,291,10036,70
1166,3126733,11,83,291,10036,70
1167,3126733,11,83,291,10036,70
1168,3126733,9,85,291,10036,70
1169,3126731,10,86,291,10036,70
1170,3126731,10,86,291,10036,70
1171,3126731,10,86,291,10036,70
1172,3126731,10,86,291,10036,70
1173,3126731,10,86,291,10036,70
1174,3126731,10,86,291,10036,70
1175,3126731,10,76,277,10059,71
1176,3126731,10,73,280,10059,71
1177,3126731,10,73,280,10059,71
1178,3126731,10,73,280,10059,71
1179,3126731,10,73,280,10059,71
1180,3126731,10,73,280,10059,71
1181,3126731,10,73,280,10059,71
1182,3126731,10,73,280,10059,71
1183,3126731,10,73,280,10059,71
1184,3126730,9,75,280,10059,71
1185,3126730,9,75,280,10059,71
1186,3126730,8,76,280,10059,71
1187,3126729,9,76,280,10059,71
1188,3126729,9,76,280,10059,71
1189,3126729,9,76,280,10059,71
1190,3126729,9,76,280,10059,71
1191,3126729,9,76,280,10059,71
1192,3126729,9,76,280,10059,71
1193,3126729,8,77,280,10059,71
1194,3126729,8,77,280,10059,71
1195,3126729,8,77,280,10059,71
1196,3126729,8,77,280,10059,71
1197,3126729,8,77,280,10059,71
1198,3126729,8,77,280,10059,71
1199,3126729,8,63,125,10225,74
1200,3126729,8,62,126,10225,74
1201,3126729,8,62,126,10225,74
1202,3126729,8,62,126,10225,74
1203,3126729,8,62,126,10225,74
1204,3126729,8,62,126,10225,74
1205,3126729,8,62,126,10225,74
1206,3126729,8,62,126,10225,74
1207,3126728,6,65,126,10225,74
1208,3126728,6,65,126,10225,74
1209,3126728,5,66,126,10225,74
1210,3126728,5,66,126,10225,74
1211,3126728,5,66,126,10225,74
1212,3126728,5,66,126,10225,74
1213,3126728,5,66,126,10225,74
1214,3126728,5,66,126,10225,74
1215,3126728,5,66,126,10225,74
1216,3126728,5,66,126,10225,74
1217,3126728,3,68,126,10225,74
1218,3126728,3,68,126,10225,74
1219,3126728,3,68,126,10225,74
1220,3126728,3,68,126,10225,74
1221,3126728,3,68,126,10225,74
1222,3126728,3,68,126,10225,74
1223,3126728,3,66,106,10247,74
1224,3126728,3,66,106,10247,74
1225,3126728,3,66,106,10247,74
1226,3126728,3,66,106,10247,74
1227,3126728,3,66,106,10247,74
1228,3126728,3,66,106,10247,74
1229,3126728,3,66,106,10247,74
1230,3126728,3,66,106,10247,74
1231,3126726,5,66,106,10247,74
1232,3126726,5,66,106,10247,74
1233,3126726,4,67,106,10247,74
1234,3126726,4,67,106,10247,74
1235,3126726,3,68,106,10247,74
1236,3126726,3,68,106,10247,74
1237,3126726,3,68,106,10247,74
1238,3126726,3,68,106,10247,74
1239,3126724,5,68,106,10247,74
1240,3126724,5,68,106,10247,74
1241,3126724,5,68,106,10247,74
1242,3126724,5,68,106,10247,74
1243,3126724,5,68,106,10247,74
1244,3126724,5,68,106,10247,74
1245,3126724,5,68,106,10247,74
1246,3126724,5,68,106,10247,74
1247,3126724,5,63,93,10265,74
1248,3126724,5,60,96,10265,74
1249,3126724,5,60,96,10265,74
1250,3126724,5,60,96,10265,74
1251,3126724,5,60,96,10265,74
1252,3126724,5,60,96,10265,74
1253,3126724,5,60,96,10265,74
1254,3126724,5,60,96,10265,74
1255,3126724,4,61,96,10265,74
1256,3126724,4,61,96,10265,74
1257,3126724,4,61,96,10265,74
1258,3126724,4,61,96,10265,74
1259,3126724,4,61,96,10265,74
1260,3126724,4,61,96,10265,74
1261,3126724,4,61,96,10265,74
1262,3126724,4,61,96,10265,74
1263,3126724,4,61,96,10265,74
1264,3126724,4,61,96,10265,74
1265,3126723,5,61,96,10265,74
1266,3126723,5,61,96,10265,74
1267,3126723,5,61,96,10265,74
1268,3126723,5,61,96,10265,74
1269,3126723,5,61,96,10265,74
1270,3126723,5,61,96,10265,74
1271,3126723,5,58,89,10274,75
1272,3126723,5,55,92,10274,75
1273,3126723,5,55,92,10274,75
1274,3126723,5,55,92,10274,75
1275,3126723,5,55,92,10274,75
1276,3126723,5,55,92,10274,75
1277,3126723,5,55,92,10274,75
1278,3126723,5,55,92,10274,75
1279,3126722,4,57,92,10274,75
1280,3126721,5,57,92,10274,75
1281,3126721,5,57,92,10274,75
1282,3126720,6,57,92,10274,75
1283,3126720,6,57,92,10274,75
1284,3126720,6,57,92,10274,75
1285,3126720,6,57,92,10274,75
1286,3126720,6,57,92,10274,75
1287,3126720,4,59,92,10274,75
1288,3126720,4,59,92,10274,75
1289,3126719,5,59,92,10274,75
1290,3126719,5,59,92,10274,75
1291,3126719,5,59,92,10274,75
1292,3126719,5,59,92,10274,75
1293,3126719,5,59,92,10274,75
1294,3126719,5,59,92,10274,75
1295,3126719,5,51,84,10290,75
1296,3126719,5,51,84,10290,75
1297,3126719,5,51,84,10290,75
1298,3126719,5,51,84,10290,75
1299,3126719,5,51,84,10290,75
1300,3126719,5,51,84,10290,75
1301,3126719,5,51,84,10290,75
1302,3126719,5,51,84,10290,75
1303,3126719,5,51,84,10290,75
1304,3126719,5,51,84,10290,75
1305,3126718,6,51,84,10290,75
1306,3126717,7,51,84,10290,75
1307,3126716,8,51,84,10290,75
1308,3126716,8,51,84,10290,75
1309,3126716,8,51,84,10290,75
1310,3126716,8,51,84,10290,75
1311,3126716,8,51,84,10290,75
1312,3126716,8,51,84,10290,75
1313,3126716,7,52,84,10290,75
1314,3126716,7,52,84,10290,75
1315,3126716,7,52,84,10290,75
1316,3126716,7,52,84,10290,75
1317,3126716,7,52,84,10290,75
1318,3126716,7,52,84,10290,75
1319,3126716,7,46,83,10297,75
1320,3126716,7,45,84,10297,75
1321,3126716,7,45,84,10297,75
1322,3126716,7,45,84,10297,75
1323,3126716,7,45,84,10297,75
1324,3126716,7,45,84,10297,75
1325,3126716,7,45,84,10297,75
1326,3126716,7,45,84,10297,75
1327,3126716,6,46,84,10297,75
1328,3126716,5,47,84,10297,75
1329,3126716,5,47,84,10297,75
1330,3126716,5,47,84,10297,75
1331,3126716,4,48,84,10297,75
1332,3126716,4,48,84,10297,75
1333,3126715,5,48,84,10297,75
1334,3126715,5,48,84,10297,75
1335,3126715,5,48,84,10297,75
1336,3126715,4,49,84,10297,75
1337,3126714,5,49,84,10297,75
1338,3126714,5,49,84,10297,75
1339,3126714,5,49,84,10297,75
1340,3126714,5,49,84,10297,75
1341,3126714,5,49,84,10297,75
1342,3126714,5,49,84,10297,75
1343,3126714,5,41,79,10310,75
1344,3126714,5,41,79,10310,75
1345,3126714,5,41,79,10310,75
1346,3126714,5,41,79,10310,75
1347,3126714,5,41,79,10310,75
1348,3126714,5,41,79,10310,75
1349,3126714,5,41,79,10310,75
1350,3126714,5,41,79,10310,75
1351,3126714,5,41,79,10310,75
1352,3126714,4,42,79,10310,75
1353,3126713,5,42,79,10310,75
1354,3126713,5,42,79,10310,75
1355,3126713,3,44,79,10310,75
1356,3126713,3,44,79,10310,75
1357,3126713,3,44,79,10310,75
1358,3126713,3,44,79,10310,75
1359,3126713,3,44,79,10310,75
1360,3126712,4,44,79,10310,75
1361,3126712,4,44,79,10310,75
1362,3126712,4,44,79,10310,75
1363,3126712,4,44,79,10310,75
1364,3126712,4,44,79,10310,75
1365,3126712,4,44,79,10310,75
1366,3126712,4,44,79,10310,75
1367,3126712,4,37,73,10323,75
1368,3126712,4,37,73,10323,75
1369,3126712,4,37,73,10323,75
1370,3126712,4,37,73,10323,75
1371,3126712,4,37,73,10323,75
1372,3126712,4,37,73,10323,75
1373,3126712,4,37,73,10323,75
1374,3126712,4,37,73,10323,75
1375,3126710,6,37,73,10323,75
1376,3126710,6,37,73,10323,75
1377,3126709,7,37,73,10323,75
1378,3126709,7,37,73,10323,75
1379,3126709,7,37,73,10323,75
1380,3126708,7,38,73,10323,75
1381,3126708,7,38,73,10323,75
1382,3126708,7,38,73,10323,75
1383,3126708,7,38,73,10323,75
1384,3126708,7,38,73,10323,75
1385,3126707,8,38,73,10323,75
1386,3126707,7,39,73,10323,75
1387,3126707,7,39,73,10323,75
1388,3126707,7,39,73,10323,75
1389,3126707,7,39,73,10323,75
1390,3126707,7,39,73,10323,75
1391,3126707,7,34,63,10337,76
1392,3126707,7,34,63,10337,76
1393,3126707,7,34,63,10337,76
1394,3126707,7,34,63,10337,76
1395,3126707,7,34,63,10337,76
1396,3126707,7,34,63,10337,76
1397,3126707,7,34,63,10337,76
1398,3126707,7,34,63,10337,76
1399,3126705,9,34,63,10337,76
1400,3126705,9,34,63,10337,76
1401,3126705,9,34,63,10337,76
1402,3126705,8,35,63,10337,76
1403,3126705,8,35,63,10337,76
1404,3126705,8,35,63,10337,76
1405,3126705,8,35,63,10337,76
1406,3126705,8,35,63,10337,76
1407,3126704,9,35,63,10337,76
1408,3126704,8,36,63,10337,76
1409,3126704,8,36,63,10337,76
1410,3126704,8,36,63,10337,76
1411,3126704,8,36,63,10337,76
1412,3126704,8,36,63,10337,76
1413,3126704,8,36,63,10337,76
1414,3126704,8,36,63,10337,76
1415,3126704,8,32,56,10348,76
1416,3126704,8,32,56,10348,76
1417,3126704,8,32,56,10348,76
1418,3126704,8,32,56,10348,76
1419,3126704,8,32,56,10348,76
1420,3126704,8,32,56,10348,76
1421,3126704,8,32,56,10348,76
1422,3126704,8,32,56,10348,76
1423,3126702,9,33,56,10348,76
1424,3126702,7,35,56,10348,76
1425,3126701,8,35,56,10348,76
1426,3126701,8,35,56,10348,76
1427,3126701,8,35,56,10348,76
1428,3126701,8,35,56,10348,76
1429,3126701,7,36,56,10348,76
1430,3126701,7,36,56,10348,76
1431,3126701,7,36,56,10348,76
1432,3126701,7,36,56,10348,76
1433,3126700,8,36,56,10348,76
1434,3126700,7,37,56,10348,76
1435,3126700,7,37,56,10348,76
1436,3126700,7,37,56,10348,76
1437,3126700,7,37,56,10348,76
1438,3126700,7,37,56,10348,76
1439,3126700,7,33,40,10367,77
1440,3126700,7,32,41,10367,77
1441,3126700,7,32,41,10367,77
1442,3126700,7,32,41,10367,77
1443,3126700,7,32,41,10367,77
1444,3126700,7,32,41,10367,77
1445,3126700,7,32,41,10367,77
1446,3126700,7,32,41,10367,77
1447,3126700,6,33,41,10367,77
1448,3126699,6,34,41,10367,77
1449,3126699,6,34,41,10367,77
1450,3126699,6,34,41,10367,77
1451,3126699,6,34,41,10367,77
1452,3126699,6,34,41,10367,77
1453,3126699,6,34,41,10367,77
1454,3126699,5,35,41,10367,77
1455,3126699,5,35,41,10367,77
1456,3126699,5,35,41,10367,77
1457,3126698,6,35,41,10367,77
1458,3126698,6,35,41,10367,77
1459,3126698,6,35,41,10367,77
1460,3126698,6,35,41,10367,77
1461,3126698,6,35,41,10367,77
1462,3126698,6,35,41,10367,77
1463,3126698,6,29,34,10380,77
1464,3126698,6,29,34,10380,77
1465,3126698,6,29,34,10380,77
1466,3126698,6,29,34,10380,77
1467,3126698,6,29,34,10380,77
1468,3126698,6,29,34,10380,77
1469,3126698,6,29,34,10380,77
1470,3126698,6,29,34,10380,77
1471,3126697,5,31,34,10380,77
1472,3126697,5,31,34,10380,77
1473,3126697,4,32,34,10380,77
1474,3126697,4,32,34,10380,77
1475,3126697,4,32,34,10380,77
1476,3126697,4,32,34,10380,77
1477,3126697,4,32,34,10380,77
1478,3126697,4,32,34,10380,77
1479,3126697,4,32,34,10380,77
1480,3126697,3,33,34,10380,77
1481,3126697,3,33,34,10380,77
1482,3126697,3,33,34,10380,77
1483,3126697,3,33,34,10380,77
1484,3126697,3,33,34,10380,77
1485,3126697,3,33,34,10380,77
1486,3126697,3,33,34,10380,77
1487,3126697,3,31,30,10385,78
1488,3126697,3,30,31,10385,78
1489,3126697,3,30,31,10385,78
1490,3126697,3,30,31,10385,78
1491,3126697,3,30,31,10385,78
1492,3126697,3,30,31,10385,78
1493,3126697,3,30,31,10385,78
1494,3126697,3,30,31,10385,78
1495,3126696,4,30,31,10385,78
1496,3126696,3,31,31,10385,78
1497,3126696,3,31,31,10385,78
1498,3126696,3,31,31,10385,78
1499,3126695,4,31,31,10385,78
1500,3126694,5,31,31,10385,78
1501,3126694,5,31,31,10385,78
1502,3126694,5,31,31,10385,78
1503,3126694,5,31,31,10385,78
1504,3126694,5,31,31,10385,78
1505,3126694,4,32,31,10385,78
1506,3126694,4,32,31,10385,78
1507,3126694,4,32,31,10385,78
1508,3126694,4,32,31,10385,78
1509,3126694,4,32,31,10385,78
1510,3126694,4,32,31,10385,78
1511,3126694,4,26,28,10394,78
1512,3126694,4,26,28,10394,78
1513,3126694,4,26,28,10394,78
1514,3126694,4,26,28,10394,78
1515,3126694,4,26,28,10394,78
1516,3126694,4,26,28,10394,78
1517,3126694,4,26,28,10394,78
1518,3126694,4,26,28,10394,78
1519,3126694,3,27,28,10394,78
1520,3126693,4,27,28,10394,78
1521,3126693,4,27,28,10394,78
1522,3126693,4,27,28,10394,78
1523,3126693,4,27,28,10394,78
1524,3126693,4,27,28,10394,78
1525,3126693,4,27,28,10394,78
1526,3126693,4,27,28,10394,78
1527,3126693,4,27,28,10394,78
1528,3126693,4,27,28,10394,78
1529,3126693,4,27,28,10394,78
1530,3126693,4,27,28,10394,78
1531,3126693,4,27,28,10394,78
1532,3126693,4,27,28,10394,78
1533,3126693,4,27,28,10394,78
1534,3126693,4,27,28,10394,78
1535,3126693,4,27,25,10397,78
1536,3126693,4,27,25,10397,78
1537,3126693,4,27,25,10397,78
1538,3126693,4,27,25,10397,78
1539,3126693,4,27,25,10397,78
1540,3126693,4,27,25,10397,78
1541,3126693,4,27,25,10397,78
1542,3126693,4,27,25,10397,78
1543,3126693,4,27,25,10397,78
1544,3126692,4,28,25,10397,78
1545,3126692,4,28,25,10397,78
1546,3126690,6,28,25,10397,78
1547,3126689,6,29,25,10397,78
1548,3126689,5,30,25,10397,78
1549,3126689,5,30,25,10397,78
1550,3126689,5,30,25,10397,78
1551,3126689,5,30,25,10397,78
1552,3126689,5,30,25,10397,78
1553,3126689,5,30,25,10397,78
1554,3126689,5,30,25,10397,78
1555,3126689,5,30,25,10397,78
1556,3126689,5,30,25,10397,78
1557,3126689,5,30,25,10397,78
1558,3126689,5,30,25,10397,78
1559,3126689,5,28,23,10401,78
1560,3126689,5,28,23,10401,78
1561,3126689,5,28,23,10401,78
1562,3126689,5,28,23,10401,78
1563,3126689,5,28,23,10401,78
1564,3126689,5,28,23,10401,78
1565,3126689,5,28,23,10401,78
1566,3126689,5,28,23,10401,78
1567,3126689,5,28,23,10401,78
1568,3126688,5,29,23,10401,78
1569,3126688,5,29,23,10401,78
1570,3126687,6,29,23,10401,78
1571,3126687,6,29,23,10401,78
1572,3126687,6,29,23,10401,78
1573,3126687,6,29,23,10401,78
1574,3126687,6,29,23,10401,78
1575,3126687,6,29,23,10401,78
1576,3126687,6,29,23,10401,78
1577,3126686,7,29,23,10401,78
1578,3126686,7,29,23,10401,78
1579,3126686,7,29,23,10401,78
1580,3126686,7,29,23,10401,78
1581,3126686,7,29,23,10401,78
1582,3126686,7,29,23,10401,78
1583,3126686,7,27,22,10404,78
1584,3126686,7,27,22,10404,78
1585,3126686,7,27,22,10404,78
1586,3126686,7,27,22,10404,78
1587,3126686,7,27,22,10404,78
1588,3126686,7,27,22,10404,78
1589,3126686,7,27,22,10404,78
1590,3126686,7,27,22,10404,78
1591,3126686,6,28,22,10404,78
1592,3126686,6,28,22,10404,78
1593,3126686,4,30,22,10404,78
1594,3126686,4,30,22,10404,78
1595,3126686,4,30,22,10404,78
1596,3126686,3,31,22,10404,78
1597,3126686,3,31,22,10404,78
1598,3126686,3,31,22,10404,78
1599,3126685,4,31,22,10404,78
1600,3126685,4,31,22,10404,78
1601,3126685,4,31,22,10404,78
1602,3126685,4,31,22,10404,78
1603,3126685,4,31,22,10404,78
1604,3126685,4,31,22,10404,78
1605,3126685,4,31,22,10404,78
1606,3126685,4,31,22,10404,78
1607,3126685,4,30,21,10406,78
1608,3126685,4,28,23,10406,78
1609,3126685,4,28,23,10406,78
1610,3126685,4,28,23,10406,78
1611,3126685,4,28,23,10406,78
1612,3126685,4,28,23,10406,78
1613,3126685,4,28,23,10406,78
1614,3126685,4,28,23,10406,78
1615,3126685,4,28,23,10406,78
1616,3126685,3,29,23,10406,78
1617,3126685,3,29,23,10406,78
1618,3126685,2,30,23,10406,78
1619,3126685,2,30,23,10406,78
1620,3126685,2,30,23,10406,78
1621,3126685,2,30,23,10406,78
1622,3126685,2,30,23,10406,78
1623,3126685,2,30,23,10406,78
1624,3126685,1,31,23,10406,78
1625,3126685,1,31,23,10406,78
1626,3126685,1,31,23,10406,78
1627,3126685,1,31,23,10406,78
1628,3126685,1,31,23,10406,78
1629,3126685,1,31,23,10406,78
1630,3126685,1,31,23,10406,78
1631,3126685,1,30,18,10412,78
1632,3126685,1,29,19,10412,78
1633,3126685,1,29,19,10412,78
1634,3126685,1,29,19,10412,78
1635,3126685,1,29,19,10412,78
1636,3126685,1,29,19,10412,78
1637,3126685,1,29,19,10412,78
1638,3126685,1,29,19,10412,78
1639,3126685,1,29,19,10412,78
1640,3126684,2,29,19,10412,78
1641,3126683,3,29,19,10412,78
1642,3126682,4,29,19,10412,78
1643,3126682,4,29,19,10412,78
1644,3126682,4,29,19,10412,78
1645,3126682,4,29,19,10412,78
1646,3126682,4,29,19,10412,78
1647,3126682,3,30,19,10412,78
1648,3126682,3,30,19,10412,78
1649,3126682,3,30,19,10412,78
1650,3126682,3,30,19,10412,78
1651,3126682,3,30,19,10412,78
1652,3126682,3,30,19,10412,78
1653,3126682,3,30,19,10412,78
1654,3126682,3,30,19,10412,78
1655,3126682,3,25,17,10419,78
1656,3126682,3,24,18,10419,78
1657,3126682,3,24,18,10419,78
1658,3126682,3,24,18,10419,78
1659,3126682,3,24,18,10419,78
1660,3126682,3,24,18,10419,78
1661,3126682,3,24,18,10419,78
1662,3126682,3,24,18,10419,78
1663,3126682,3,24,18,10419,78
1664,3126681,4,24,18,10419,78
1665,3126681,4,24,18,10419,78
1666,3126681,4,24,18,10419,78
1667,3126681,4,24,18,10419,78
1668,3126681,4,24,18,10419,78
1669,3126681,4,24,18,10419,78
1670,3126681,4,24,18,10419,78
1671,3126680,5,24,18,10419,78
1672,3126680,5,24,18,10419,78
1673,3126680,5,24,18,10419,78
1674,3126680,5,24,18,10419,78
1675,3126680,5,24,18,10419,78
1676,3126680,5,24,18,10419,78
1677,3126680,5,24,18,10419,78
1678,3126680,5,24,18,10419,78
1679,3126680,5,23,15,10423,78
1680,3126680,5,22,16,10423,78
1681,3126680,5,22,16,10423,78
1682,3126680,5,22,16,10423,78
1683,3126680,5,22,16,10423,78
1684,3126680,5,22,16,10423,78
1685,3126680,5,22,16,10423,78
1686,3126680,5,22,16,10423,78
1687,3126679,6,22,16,10423,78
1688,3126679,4,24,16,10423,78
1689,3126679,4,24,16,10423,78
1690,3126679,4,24,16,10423,78
1691,3126678,4,25,16,10423,78
1692,3126678,4,25,16,10423,78
1693,3126678,4,25,16,10423,78
1694,3126677,5,25,16,10423,78
1695,3126677,5,25,16,10423,78
1696,3126677,5,25,16,10423,78
1697,3126677,5,25,16,10423,78
1698,3126677,5,25,16,10423,78
1699,3126677,5,25,16,10423,78
1700,3126677,5,25,16,10423,78
1701,3126677,5,25,16,10423,78
1702,3126677,5,25,16,10423,78
1703,3126677,5,22,13,10429,78
1704,3126677,5,22,13,10429,78
1705,3126677,5,22,13,10429,78
1706,3126677,5,22,13,10429,78
1707,3126677,5,22,13,10429,78
1708,3126677,5,22,13,10429,78
1709,3126677,5,22,13,10429,78
1710,3126677,5,22,13,10429,78
1711,3126677,5,22,13,10429,78
1712,3126676,5,23,13,10429,78
1713,3126676,5,23,13,10429,78
1714,3126676,5,23,13,10429,78
1715,3126676,5,23,13,10429,78
1716,3126676,5,23,13,10429,78
1717,3126676,5,23,13,10429,78
1718,3126676,5,23,13,10429,78
1719,3126676,5,23,13,10429,78
1720,3126676,4,24,13,10429,78
1721,3126676,4,24,13,10429,78
1722,3126676,4,24,13,10429,78
1723,3126676,4,24,13,10429,78
1724,3126676,4,24,13,10429,78
1725,3126676,4,24,13,10429,78
1726,3126676,4,24,13,10429,78
1727,3126676,4,23,10,10433,78
1728,3126676,4,22,11,10433,78
1729,3126676,4,22,11,10433,78
1730,3126676,4,22,11,10433,78
1731,3126676,4,22,11,10433,78
1732,3126676,4,22,11,10433,78
1733,3126676,4,22,11,10433,78
1734,3126676,4,22,11,10433,78
1735,3126676,3,23,11,10433,78
1736,3126676,3,23,11,10433,78
1737,3126676,3,23,11,10433,78
1738,3126676,3,23,11,10433,78
1739,3126676,2,24,11,10433,78
1740,3126676,2,24,11,10433,78
1741,3126676,1,25,11,10433,78
1742,3126676,1,25,11,10433,78
1743,3126676,1,25,11,10433,78
1744,3126676,1,25,11,10433,78
1745,3126676,1,25,11,10433,78
1746,3126676,1,25,11,10433,78
1747,3126676,1,25,11,10433,78
1748,3126676,1,25,11,10433,78
1749,3126676,1,25,11,10433,78
1750,3126676,1,25,11,10433,78
1751,3126676,1,22,11,10436,78
1752,3126676,1,22,11,10436,78
1753,3126676,1,22,11,10436,78
1754,3126676,1,22,11,10436,78
1755,3126676,1,22,11,10436,78
1756,3126676,1,22,11,10436,78
1757,3126676,1,22,11,10436,78
1758,3126676,1,22,11,10436,78
1759,3126676,1,22,11,10436,78
1760,3126676,0,23,11,10436,78
1761,3126676,0,23,11,10436,78
1762,3126676,0,23,11,10436,78
1763,3126676,0,23,11,10436,78
1764,3126676,0,23,11,10436,78
1765,3126676,0,23,11,10436,78
1766,3126676,0,23,11,10436,78
1767,3126676,0,23,11,10436,78
1768,3126676,0,23,11,10436,78
1769,3126675,1,23,11,10436,78
1770,3126675,1,23,11,10436,78
1771,3126675,1,23,11,10436,78
1772,3126675,1,23,11,10436,78
1773,3126675,1,23,11,10436,78
1774,3126675,1,23,11,10436,78
1775,3126675,1,20,10,10440,78
1776,3126675,1,20,10,10440,78
1777,3126675,1,20,10,10440,78
1778,3126675,1,20,10,10440,78
1779,3126675,1,20,10,10440,78
1780,3126675,1,20,10,10440,78
1781,3126675,1,20,10,10440,78
1782,3126675,1,20,10,10440,78
1783,3126675,1,20,10,10440,78
1784,3126675,1,20,10,10440,78
1785,3126675,1,20,10,10440,78
1786,3126675,1,20,10,10440,78
1787,3126675,1,20,10,10440,78
1788,3126675,1,20,10,10440,78
1789,3126675,1,20,10,10440,78
1790,3126674,2,20,10,10440,78
1791,3126674,2,20,10,10440,78
1792,3126674,2,20,10,10440,78
1793,3126674,2,20,10,10440,78
1794,3126674,2,20,10,10440,78
1795,3126674,2,20,10,10440,78
1796,3126674,2,20,10,10440,78
1797,3126674,2,20,10,10440,78
1798,3126674,2,20,10,10440,78
1799,3126674,2,20,9,10440,79
1800,3126674,2,20,9,10440,79
1801,3126674,2,20,9,10440,79
1802,3126674,2,20,9,10440,79
1803,3126674,2,20,9,10440,79
1804,3126674,2,20,9,10440,79
1805,3126674,2,20,9,10440,79
1806,3126674,2,20,9,10440,79
1807,3126673,3,20,9,10440,79
1808,3126673,3,20,9,10440,79
1809,3126673,3,20,9,10440,79
1810,3126673,3,20,9,10440,79
1811,3126673,3,20,9,10440,79
1812,3126673,3,20,9,10440,79
1813,3126673,3,20,9,10440,79
1814,3126673,3,20,9,10440,79
1815,3126673,3,20,9,10440,79
1816,3126673,3,20,9,10440,79
1817,3126673,2,21,9,10440,79
1818,3126673,2,21,9,10440,79
1819,3126673,2,21,9,10440,79
1820,3126673,2,21,9,10440,79
1821,3126673,2,21,9,10440,79
1822,3126673,2,21,9,10440,79
1823,3126673,2,18,8,10444,79
1824,3126673,2,18,8,10444,79
1825,3126673,2,18,8,10444,79
1826,3126673,2,18,8,10444,79
1827,3126673,2,18,8,10444,79
1828,3126673,2,18,8,10444,79
1829,3126673,2,18,8,10444,79
1830,3126673,2,18,8,10444,79
1831,3126673,2,18,8,10444,79
1832,3126673,2,18,8,10444,79
1833,3126673,2,18,8,10444,79
1834,3126673,2,18,8,10444,79
1835,3126673,2,18,8,10444,79
1836,3126673,2,18,8,10444,79
1837,3126673,1,19,8,10444,79
1838,3126673,1,19,8,10444,79
1839,3126673,1,19,8,10444,79
1840,3126673,1,19,8,10444,79
1841,3126673,1,19,8,10444,79
1842,3126673,1,19,8,10444,79
1843,3126673,1,19,8,10444,79
1844,3126673,1,19,8,10444,79
1845,3126673,1,19,8,10444,79
1846,3126673,1,19,8,10444,79
1847,3126673,1,16,8,10447,79
1848,3126673,1,16,8,10447,79
1849,3126673,1,16,8,10447,79
1850,3126673,1,16,8,10447,79
1851,3126673,1,16,8,10447,79
1852,3126673,1,16,8,10447,79
1853,3126673,1,16,8,10447,79
1854,3126673,1,16,8,10447,79
1855,3126673,0,17,8,10447,79
1856,3126673,0,17,8,10447,79
1857,3126673,0,17,8,10447,79
1858,3126673,0,17,8,10447,79
1859,3126673,0,17,8,10447,79
1860,3126673,0,17,8,10447,79
1861,3126673,0,17,8,10447,79
1862,3126673,0,17,8,10447,79
1863,3126673,0,17,8,10447,79
1864,3126673,0,17,8,10447,79
1865,3126673,0,17,8,10447,79
1866,3126673,0,17,8,10447,79
1867,3126673,0,17,8,10447,79
1868,3126673,0,17,8,10447,79
1869,3126673,0,17,8,10447,79
1870,3126673,0,17,8,10447,79
1871,3126673,0,16,8,10448,79
1872,3126673,0,16,8,10448,79
1873,3126673,0,16,8,10448,79
1874,3126673,0,16,8,10448,79
1875,3126673,0,16,8,10448,79
1876,3126673,0,16,8,10448,79
1877,3126673,0,16,8,10448,79
1878,3126673,0,16,8,10448,79
1879,3126673,0,16,8,10448,79
1880,3126673,0,16,8,10448,79
1881,3126673,0,16,8,10448,79
1882,3126673,0,16,8,10448,79
1883,3126673,0,16,8,10448,79
1884,3126673,0,16,8,10448,79
1885,3126673,0,16,8,10448,79
1886,3126673,0,16,8,10448,79
1887,3126673,0,16,8,10448,79
1888,3126673,0,16,8,10448,79
1889,3126673,0,16,8,10448,79
1890,3126673,0,16,8,10448,79
1891,3126673,0,16,8,10448,79
1892,3126673,0,16,8,10448,79
1893,3126673,0,16,8,10448,79
1894,3126673,0,16,8,10448,79
1895,3126673,0,14,8,10450,79
1896,3126673,0,14,8,10450,79
1897,3126673,0,14,8,10450,79
1898,3126673,0,14,8,10450,79
1899,3126673,0,14,8,10450,79
1900,3126673,0,14,8,10450,79
1901,3126673,0,14,8,10450,79
1902,3126673,0,14,8,10450,79
1903,3126673,0,14,8,10450,79
1904,3126673,0,14,8,10450,79
1905,3126673,0,14,8,10450,79
1906,3126673,0,14,8,10450,79
1907,3126673,0,14,8,10450,79
1908,3126673,0,14,8,10450,79
1909,3126673,0,14,8,10450,79
1910,3126673,0,14,8,10450,79
1911,3126673,0,14,8,10450,79
1912,3126673,0,14,8,10450,79
1913,3126673,0,14,8,10450,79
1914,3126673,0,14,8,10450,79
1915,3126673,0,14,8,10450,79
1916,3126673,0,14,8,10450,79
1917,3126673,0,14,8,10450,79
1918,3126673,0,14,8,10450,79
1919,3126673,0,11,8,10453,79
1920,3126673,0,10,9,10453,79
1921,3126673,0,10,9,10453,79
1922,3126673,0,10,9,10453,79
1923,3126673,0,10,9,10453,79
1924,3126673,0,10,9,10453,79
1925,3126673,0,10,9,10453,79
1926,3126673,0,10,9,10453,79
1927,3126673,0,10,9,10453,79
1928,3126673,0,10,9,10453,79
1929,3126673,0,10,9,10453,79
1930,3126673,0,10,9,10453,79
1931,3126673,0,10,9,10453,79
1932,3126673,0,10,9,10453,79
1933,3126673,0,10,9,10453,79
1934,3126673,0,10,9,10453,79
1935,3126673,0,10,9,10453,79
1936,3126673,0,10,9,10453,79
1937,3126673,0,10,9,10453,79
1938,3126673,0,10,9,10453,79
1939,3126673,0,10,9,10453,79
1940,3126673,0,10,9,10453,79
1941,3126673,0,10,9,10453,79
1942,3126673,0,10,9,10453,79
1943,3126673,0,8,8,10456,79
1944,3126673,0,8,8,10456,79
1945,3126673,0,8,8,10456,79
1946,3126673,0,8,8,10456,79
1947,3126673,0,8,8,10456,79
1948,3126673,0,8,8,10456,79
1949,3126673,0,8,8,10456,79
1950,3126673,0,8,8,10456,79
1951,3126673,0,8,8,10456,79
1952,3126673,0,8,8,10456,79
1953,3126672,1,8,8,10456,79
1954,3126672,1,8,8,10456,79
1955,3126672,1,8,8,10456,79
1956,3126672,1,8,8,10456,79
1957,3126672,1,8,8,10456,79
1958,3126672,1,8,8,10456,79
1959,3126672,1,8,8,10456,79
1960,3126672,1,8,8,10456,79
1961,3126672,1,8,8,10456,79
1962,3126672,1,8,8,10456,79
1963,3126672,1,8,8,10456,79
1964,3126672,1,8,8,10456,79
1965,3126672,1,8,8,10456,79
1966,3126672,1,8,8,10456,79
1967,3126672,1,8,7,10457,79
1968,3126672,1,8,7,10457,79
1969,3126672,1,8,7,10457,79
1970,3126672,1,8,7,10457,79
1971,3126672,1,8,7,10457,79
1972,3126672,1,8,7,10457,79
1973,3126672,1,8,7,10457,79
1974,3126672,1,8,7,10457,79
1975,3126672,1,8,7,10457,79
1976,3126672,1,8,7,10457,79
1977,3126672,1,8,7,10457,79
1978,3126672,1,8,7,10457,79
1979,3126672,1,8,7,10457,79
1980,3126672,1,8,7,10457,79
1981,3126672,1,8,7,10457,79
1982,3126672,1,8,7,10457,79
1983,3126672,1,8,7,10457,79
1984,3126672,1,8,7,10457,79
1985,3126672,1,8,7,10457,79
1986,3126672,1,8,7,10457,79
1987,3126672,1,8,7,10457,79
1988,3126672,1,8,7,10457,79
1989,3126672,1,8,7,10457,79
1990,3126672,1,8,7,10457,79
1991,3126672,1,7,7,10458,79
1992,3126672,1,7,7,10458,79
1993,3126672,1,7,7,10458,79
1994,3126672,1,7,7,10458,79
1995,3126672,1,7,7,10458,79
1996,3126672,1,7,7,10458,79
1997,3126672,1,7,7,10458,79
1998,3126672,1,7,7,10458,79
1999,3126672,1,7,7,10458,79
2000,3126672,1,7,7,10458,79
2001,3126672,0,8,7,10458,79
2002,3126672,0,8,7,10458,79
2003,3126672,0,8,7,10458,79
2004,3126672,0,8,7,10458,79
2005,3126672,0,8,7,10458,79
2006,3126672,0,8,7,10458,79
2007,3126672,0,8,7,10458,79
2008,3126672,0,8,7,10458,79
2009,3126672,0,8,7,10458,79
2010,3126672,0,8,7,10458,79
2011,3126672,0,8,7,10458,79
2012,3126672,0,8,7,10458,79
2013,3126672,0,8,7,10458,79
2014,3126672,0,8,7,10458,79
2015,3126672,0,7,7,10459,79
2016,3126672,0,7,7,10459,79
2017,3126672,0,7,7,10459,79
2018,3126672,0,7,7,10459,79
2019,3126672,0,7,7,10459,79
2020,3126672,0,7,7,10459,79
2021,3126672,0,7,7,10459,79
2022,3126672,0,7,7,10459,79
2023,3126672,0,7,7,10459,79
2024,3126672,0,7,7,10459,79
2025,3126672,0,7,7,10459,79
2026,3126672,0,7,7,10459,79
2027,3126672,0,7,7,10459,79
2028,3126672,0,7,7,10459,79
2029,3126672,0,7,7,10459,79
2030,3126672,0,7,7,10459,79
2031,3126672,0,7,7,10459,79
2032,3126672,0,7,7,10459,79
2033,3126672,0,7,7,10459,79
2034,3126672,0,7,7,10459,79
2035,3126672,0,7,7,10459,79
2036,3126672,0,7,7,10459,79
2037,3126672,0,7,7,10459,79
2038,3126672,0,7,7,10459,79
2039,3126672,0,4,7,10462,79
2040,3126672,0,4,7,10462,79
2041,3126672,0,4,7,10462,79
2042,3126672,0,4,7,10462,79
2043,3126672,0,4,7,10462,79
2044,3126672,0,4,7,10462,79
2045,3126672,0,4,7,10462,79
2046,3126672,0,4,7,10462,79
2047,3126672,0,4,7,10462,79
2048,3126672,0,4,7,10462,79
2049,3126672,0,4,7,10462,79
2050,3126672,0,4,7,10462,79
2051,3126672,0,4,7,10462,79
2052,3126672,0,4,7,10462,79
2053,3126672,0,4,7,10462,79
2054,3126672,0,4,7,10462,79
2055,3126672,0,4,7,10462,79
2056,3126672,0,4,7,10462,79
2057,3126672,0,4,7,10462,79
2058,3126672,0,4,7,10462,79
2059,3126672,0,4,7,10462,79
2060,3126672,0,4,7,10462,79
2061,3126672,0,4,7,10462,79
2062,3126672,0,4,7,10462,79
2063,3126672,0,3,5,10465,79
2064,3126672,0,3,5,10465,79
2065,3126672,0,3,5,10465,79
2066,3126672,0,3,5,10465,79
2067,3126672,0,3,5,10465,79
2068,3126672,0,3,5,10465,79
2069,3126672,0,3,5,10465,79
2070,3126672,0,3,5,10465,79
2071,3126672,0,3,5,10465,79
2072,3126672,0,3,5,10465,79
2073,3126672,0,3,5,10465,79
2074,3126672,0,3,5,10465,79
2075,3126672,0,3,5,10465,79
2076,3126672,0,3,5,10465,79
2077,3126672,0,3,5,10465,79
2078,3126672,0,3,5,10465,79
2079,3126672,0,3,5,10465,79
2080,3126672,0,3,5,10465,79
2081,3126672,0,3,5,10465,79
2082,3126672,0,3,5,10465,79
2083,3126672,0,3,5,10465,79
2084,3126672,0,3,5,10465,79
2085,3126672,0,3,5,10465,79
2086,3126672,0,3,5,10465,79
2087,3126672,0,3,5,10465,79
2088,3126672,0,3,5,10465,79
2089,3126672,0,3,5,10465,79
2090,3126672,0,3,5,10465,79
2091,3126672,0,3,5,10465,79
2092,3126672,0,3,5,10465,79
2093,3126672,0,3,5,10465,79
2094,3126672,0,3,5,10465,79
2095,3126672,0,3,5,10465,79
2096,3126672,0,3,5,10465,79
2097,3126672,0,3,5,10465,79
2098,3126672,0,3,5,10465,79
2099,3126672,0,3,5,10465,79
2100,3126672,0,3,5,10465,79
2101,3126672,0,3,5,10465,79
2102,3126672,0,3,5,10465,79
2103,3126672,0,3,5,10465,79
2104,3126672,0,3,5,10465,79
2105,3126672,0,3,5,10465,79
2106,3126672,0,3,5,10465,79
2107,3126672,0,3,5,10465,79
2108,3126672,0,3,5,10465,79
2109,3126672,0,3,5,10465,79
2110,3126672,0,3,5,10465,79
2111,3126672,0,3,4,10466,79
2112,3126672,0,3,4,10466,79
2113,3126672,0,3,4,10466,79
2114,3126672,0,3,4,10466,79
2115,3126672,0,3,4,10466,79
2116,3126672,0,3,4,10466,79
2117,3126672,0,3,4,10466,79
2118,3126672,0,3,4,10466,79
2119,3126672,0,3,4,10466,79
2120,3126672,0,3,4,10466,79
2121,3126672,0,3,4,10466,79
2122,3126672,0,3,4,10466,79
2123,3126672,0,3,4,10466,79
2124,3126672,0,3,4,10466,79
2125,3126672,0,3,4,10466,79
2126,3126672,0,3,4,10466,79
2127,3126672,0,3,4,10466,79
2128,3126672,0,3,4,10466,79
2129,3126671,1,3,4,10466,79
2130,3126671,1,3,4,10466,79
2131,3126671,1,3,4,10466,79
2132,3126671,1,3,4,10466,79
2133,3126671,1,3,4,10466,79
2134,3126671,1,3,4,10466,79
2135,3126671,1,2,2,10469,79
2136,3126671,1,2,2,10469,79
2137,3126671,1,2,2,10469,79
2138,3126671,1,2,2,10469,79
2139,3126671,1,2,2,10469,79
2140,3126671,1,2,2,10469,79
2141,3126671,1,2,2,10469,79
2142,3126671,1,2,2,10469,79
2143,3126671,1,2,2,10469,79
2144,3126671,1,2,2,10469,79
2145,3126671,1,2,2,10469,79
2146,3126671,1,2,2,10469,79
2147,3126671,1,2,2,10469,79
2148,3126671,1,2,2,10469,79
2149,3126671,1,2,2,10469,79
2150,3126671,1,2,2,10469,79
2151,3126671,1,2,2,10469,79
2152,3126671,1,2,2,10469,79
2153,3126671,1,2,2,10469,79
2154,3126671,1,2,2,10469,79
2155,3126671,1,2,2,10469,79
2156,3126671,1,2,2,10469,79
2157,3126671,1,2,2,10469,79
2158,3126671,1,2,2,10469,79
2159,3126671,1,1,2,10470,79
2160,3126671,1,1,2,10470,79
2161,3126671,1,1,2,10470,79
2162,3126671,1,1,2,10470,79
2163,3126671,1,1,2,10470,79
2164,3126671,1,1,2,10470,79
2165,3126671,1,1,2,10470,79
2166,3126671,1,1,2,10470,79
2167,3126671,1,1,2,10470,79
2168,3126671,1,1,2,10470,79
2169,3126671,1,1,2,10470,79
2170,3126671,1,1,2,10470,79
2171,3126671,1,1,2,10470,79
2172,3126671,1,1,2,10470,79
2173,3126671,1,1,2,10470,79
2174,3126671,1,1,2,10470,79
2175,3126671,1,1,2,10470,79
2176,3126671,1,1,2,10470,79
2177,3126671,0,2,2,10470,79
2178,3126671,0,2,2,10470,79
2179,3126671,0,2,2,10470,79
2180,3126671,0,2,2,10470,79
2181,3126671,0,2,2,10470,79
2182,3126671,0,2,2,10470,79
2183,3126671,0,2,2,10470,79
2184,3126671,0,2,2,10470,79
2185,3126671,0,2,2,10470,79
2186,3126671,0,2,2,10470,79
2187,3126671,0,2,2,10470,79
2188,3126671,0,2,2,10470,79
2189,3126671,0,2,2,10470,79
2190,3126671,0,2,2,10470,79
2191,3126671,0,2,2,10470,79
2192,3126671,0,2,2,10470,79
2193,3126671,0,2,2,10470,79
2194,3126671,0,2,2,10470,79
2195,3126671,0,2,2,10470,79
2196,3126671,0,2,2,10470,79
2197,3126671,0,2,2,10470,79
2198,3126671,0,2,2,10470,79
2199,3126671,0,2,2,10470,79
2200,3126671,0,2,2,10470,79
2201,3126671,0,2,2,10470,79
2202,3126671,0,2,2,10470,79
2203,3126671,0,2,2,10470,79
2204,3126671,0,2,2,10470,79
2205,3126671,0,2,2,10470,79
2206,3126671,0,2,2,10470,79
2207,3126671,0,2,2,10470,79
2208,3126671,0,2,2,10470,79
2209,3126671,0,2,2,10470,79
2210,3126671,0,2,2,10470,79
2211,3126671,0,2,2,10470,79
2212,3126671,0,2,2,10470,79
2213,3126671,0,2,2,10470,79
2214,3126671,0,2,2,10470,79
2215,3126671,0,2,2,10470,79
2216,3126671,0,2,2,10470,79
2217,3126671,0,2,2,10470,79
2218,3126671,0,2,2,10470,79
2219,3126671,0,2,2,10470,79
2220,3126671,0,2,2,10470,79
2221,3126671,0,2,2,10470,79
2222,3126671,0,2,2,10470,79
2223,3126671,0,2,2,10470,79
2224,3126671,0,2,2,10470,79
2225,3126671,0,2,2,10470,79
2226,3126671,0,2,2,10470,79
2227,3126671,0,2,2,10470,79
2228,3126671,0,2,2,10470,79
2229,3126671,0,2,2,10470,79
2230,3126671,0,2,2,10470,79
2231,3126671,0,2,2,10470,79
2232,3126671,0,2,2,10470,79
2233,3126671,0,2,2,10470,79
2234,3126671,0,2,2,10470,79
2235,3126671,0,2,2,10470,79
2236,3126671,0,2,2,10470,79
2237,3126671,0,2,2,10470,79
2238,3126671,0,2,2,10470,79
2239,3126671,0,2,2,10470,79
2240,3126671,0,2,2,10470,79
2241,3126671,0,2,2,10470,79
2242,3126671,0,2,2,10470,79
2243,3126671,0,2,2,10470,79
2244,3126671,0,2,2,10470,79
2245,3126671,0,2,2,10470,79
2246,3126671,0,2,2,10470,79
2247,3126671,0,2,2,10470,79
2248,3126671,0,2,2,10470,79
2249,3126671,0,2,2,10470,79
2250,3126671,0,2,2,10470,79
2251,3126671,0,2,2,10470,79
2252,3126671,0,2,2,10470,79
2253,3126671,0,2,2,10470,79
2254,3126671,0,2,2,10470,79
2255,3126671,0,2,1,10470,80
2256,3126671,0,2,1,10470,80
2257,3126671,0,2,1,10470,80
2258,3126671,0,2,1,10470,80
2259,3126671,0,2,1,10470,80
2260,3126671,0,2,1,10470,80
2261,3126671,0,2,1,10470,80
2262,3126671,0,2,1,10470,80
2263,3126671,0,2,1,10470,80
2264,3126671,0,2,1,10470,80
2265,3126670,1,2,1,10470,80
2266,3126670,1,2,1,10470,80
2267,3126670,1,2,1,10470,80
2268,3126670,1,2,1,10470,80
2269,3126670,1,2,1,10470,80
2270,3126670,1,2,1,10470,80
2271,3126670,1,2,1,10470,80
2272,3126670,1,2,1,10470,80
2273,3126670,1,2,1,10470,80
2274,3126670,1,2,1,10470,80
2275,3126670,1,2,1,10470,80
2276,3126670,1,2,1,10470,80
2277,3126670,1,2,1,10470,80
2278,3126670,1,2,1,10470,80
2279,3126670,1,2,1,10470,80
2280,3126670,1,2,1,10470,80
2281,3126670,1,2,1,10470,80
2282,3126670,1,2,1,10470,80
2283,3126670,1,2,1,10470,80
2284,3126670,1,2,1,10470,80
2285,3126670,1,2,1,10470,80
2286,3126670,1,2,1,10470,80
2287,3126670,1,2,1,10470,80
2288,3126670,1,2,1,10470,80
2289,3126670,1,2,1,10470,80
2290,3126670,1,2,1,10470,80
2291,3126670,1,2,1,10470,80
2292,3126670,1,2,1,10470,80
2293,3126670,1,2,1,10470,80
2294,3126670,1,2,1,10470,80
2295,3126670,1,2,1,10470,80
2296,3126670,1,2,1,10470,80
2297,3126670,1,2,1,10470,80
2298,3126670,1,2,1,10470,80
2299,3126670,1,2,1,10470,80
2300,3126670,1,2,1,10470,80
2301,3126670,1,2,1,10470,80
2302,3126670,1,2,1,10470,80
2303,3126670,1,1,1,10471,80
2304,3126670,1,1,1,10471,80
2305,3126670,1,1,1,10471,80
2306,3126670,1,1,1,10471,80
2307,3126670,1,1,1,10471,80
2308,3126670,1,1,1,10471,80
2309,3126670,1,1,1,10471,80
2310,3126670,1,1,1,10471,80
2311,3126670,1,1,1,10471,80
2312,3126669,2,1,1,10471,80
2313,3126668,2,2,1,10471,80
2314,3126668,2,2,1,10471,80
2315,3126668,2,2,1,10471,80
2316,3126668,2,2,1,10471,80
2317,3126668,2,2,1,10471,80
2318,3126668,2,2,1,10471,80
2319,3126668,2,2,1,10471,80
2320,3126668,2,2,1,10471,80
2321,3126668,2,2,1,10471,80
2322,3126668,2,2,1,10471,80
2323,3126668,2,2,1,10471,80
2324,3126668,2,2,1,10471,80
2325,3126668,2,2,1,10471,80
2326,3126668,2,2,1,10471,80
2327,3126668,2,2,1,10471,80
2328,3126668,2,2,1,10471,80
2329,3126668,2,2,1,10471,80
2330,3126668,2,2,1,10471,80
2331,3126668,2,2,1,10471,80
2332,3126668,2,2,1,10471,80
2333,3126668,2,2,1,10471,80
2334,3126668,2,2,1,10471,80
2335,3126668,2,2,1,10471,80
2336,3126668,2,2,1,10471,80
2337,3126668,2,2,1,10471,80
2338,3126667,3,2,1,10471,80
2339,3126667,3,2,1,10471,80
2340,3126666,4,2,1,10471,80
2341,3126666,4,2,1,10471,80
2342,3126666,4,2,1,10471,80
2343,3126666,4,2,1,10471,80
2344,3126666,4,2,1,10471,80
2345,3126666,4,2,1,10471,80
2346,3126666,4,2,1,10471,80
2347,3126666,4,2,1,10471,80
2348,3126666,4,2,1,10471,80
2349,3126666,4,2,1,10471,80
2350,3126666,4,2,1,10471,80
2351,3126666,4,2,1,10471,80
2352,3126666,4,2,1,10471,80
2353,3126666,4,2,1,10471,80
2354,3126666,4,2,1,10471,80
2355,3126666,4,2,1,10471,80
2356,3126666,4,2,1,10471,80
2357,3126666,4,2,1,10471,80
2358,3126666,4,2,1,10471,80
2359,3126666,4,2,1,10471,80
2360,3126666,3,3,1,10471,80
2361,3126666,2,4,1,10471,80
2362,3126666,2,4,1,10471,80
2363,3126666,2,4,1,10471,80
2364,3126666,2,4,1,10471,80
2365,3126666,2,4,1,10471,80
2366,3126666,2,4,1,10471,80
2367,3126666,2,4,1,10471,80
2368,3126666,2,4,1,10471,80
2369,3126666,2,4,1,10471,80
2370,3126666,2,4,1,10471,80
2371,3126666,2,4,1,10471,80
2372,3126666,2,4,1,10471,80
2373,3126666,2,4,1,10471,80
2374,3126666,2,4,1,10471,80
2375,3126666,2,4,1,10471,80
2376,3126666,2,4,1,10471,80
2377,3126666,2,4,1,10471,80
2378,3126666,2,4,1,10471,80
2379,3126666,2,4,1,10471,80
2380,3126666,2,4,1,10471,80
2381,3126666,2,4,1,10471,80
2382,3126666,2,4,1,10471,80
2383,3126666,2,4,1,10471,80
2384,3126666,2,4,1,10471,80
2385,3126666,2,4,1,10471,80
2386,3126666,2,4,1,10471,80
2387,3126666,1,5,1,10471,80
2388,3126666,0,6,1,10471,80
2389,3126666,0,6,1,10471,80
2390,3126666,0,6,1,10471,80
2391,3126666,0,6,1,10471,80
2392,3126666,0,6,1,10471,80
2393,3126666,0,6,1,10471,80
2394,3126666,0,6,1,10471,80
2395,3126666,0,6,1,10471,80
2396,3126666,0,6,1,10471,80
2397,3126666,0,6,1,10471,80
2398,3126666,0,6,1,10471,80
2399,3126666,0,5,1,10472,80
2400,3126666,0,5,1,10472,80
2401,3126666,0,5,1,10472,80
2402,3126666,0,5,1,10472,80
2403,3126666,0,5,1,10472,80
2404,3126666,0,5,1,10472,80
2405,3126666,0,5,1,10472,80
2406,3126666,0,5,1,10472,80
2407,3126666,0,5,1,10472,80
2408,3126666,0,5,1,10472,80
2409,3126666,0,5,1,10472,80
2410,3126666,0,5,1,10472,80
2411,3126666,0,5,1,10472,80
2412,3126666,0,5,1,10472,80
2413,3126666,0,5,1,10472,80
2414,3126666,0,5,1,10472,80
2415,3126666,0,5,1,10472,80
2416,3126666,0,5,1,10472,80
2417,3126666,0,5,1,10472,80
2418,3126666,0,5,1,10472,80
2419,3126666,0,5,1,10472,80
2420,3126666,0,5,1,10472,80
2421,3126666,0,5,1,10472,80
2422,3126666,0,5,1,10472,80
2423,3126666,0,5,1,10472,80
2424,3126666,0,5,1,10472,80
2425,3126666,0,5,1,10472,80
2426,3126666,0,5,1,10472,80
2427,3126666,0,5,1,10472,80
2428,3126666,0,5,1,10472,80
2429,3126666,0,5,1,10472,80
2430,3126666,0,5,1,10472,80
2431,3126666,0,5,1,10472,80
2432,3126666,0,5,1,10472,80
2433,3126666,0,5,1,10472,80
2434,3126666,0,5,1,10472,80
2435,3126666,0,5,1,10472,80
2436,3126666,0,5,1,10472,80
2437,3126666,0,5,1,10472,80
2438,3126666,0,5,1,10472,80
2439,3126666,0,5,1,10472,80
2440,3126666,0,5,1,10472,80
2441,3126666,0,5,1,10472,80
2442,3126666,0,5,1,10472,80
2443,3126666,0,5,1,10472,80
2444,3126666,0,5,1,10472,80
2445,3126666,0,5,1,10472,80
2446,3126666,0,5,1,10472,80
2447,3126666,0,5,0,10473,80
2448,3126666,0,4,1,10473,80
2449,3126666,0,4,1,10473,80
2450,3126666,0,4,1,10473,80
2451,3126666,0,4,1,10473,80
2452,3126666,0,4,1,10473,80
2453,3126666,0,4,1,10473,80
2454,3126666,0,4,1,10473,80
2455,3126666,0,4,1,10473,80
2456,3126666,0,4,1,10473,80
2457,3126666,0,4,1,10473,80
2458,3126666,0,4,1,10473,80
2459,3126666,0,4,1,10473,80
2460,3126666,0,4,1,10473,80
2461,3126666,0,4,1,10473,80
2462,3126666,0,4,1,10473,80
2463,3126666,0,4,1,10473,80
2464,3126666,0,4,1,10473,80
2465,3126666,0,4,1,10473,80
2466,3126666,0,4,1,10473,80
2467,3126666,0,4,1,10473,80
2468,3126666,0,4,1,10473,80
2469,3126666,0,4,1,10473,80
2470,3126666,0,4,1,10473,80
2471,3126666,0,4,1,10473,80
2472,3126666,0,3,2,10473,80
2473,3126666,0,3,2,10473,80
2474,3126666,0,3,2,10473,80
2475,3126666,0,3,2,10473,80
2476,3126666,0,3,2,10473,80
2477,3126666,0,3,2,10473,80
2478,3126666,0,3,2,10473,80
2479,3126666,0,3,2,10473,80
2480,3126665,1,3,2,10473,80
2481,3126665,1,3,2,10473,80
2482,3126665,1,3,2,10473,80
2483,3126665,1,3,2,10473,80
2484,3126665,1,3,2,10473,80
2485,3126665,1,3,2,10473,80
2486,3126665,1,3,2,10473,80
2487,3126665,1,3,2,10473,80
2488,3126665,1,3,2,10473,80
2489,3126665,1,3,2,10473,80
2490,3126665,1,3,2,10473,80
2491,3126665,1,3,2,10473,80
2492,3126665,1,3,2,10473,80
2493,3126665,1,3,2,10473,80
2494,3126665,1,3,2,10473,80
2495,3126665,1,3,2,10473,80
2496,3126665,1,3,2,10473,80
2497,3126665,1,3,2,10473,80
2498,3126665,1,3,2,10473,80
2499,3126665,1,3,2,10473,80
2500,3126665,1,3,2,10473,80
2501,3126665,1,3,2,10473,80
2502,3126665,1,3,2,10473,80
2503,3126665,1,3,2,10473,80
2504,3126665,1,3,2,10473,80
2505,3126665,1,3,2,10473,80
2506,3126665,1,3,2,10473,80
2507,3126665,1,3,2,10473,80
2508,3126665,1,3,2,10473,80
2509,3126665,1,3,2,10473,80
2510,3126665,1,3,2,10473,80
2511,3126665,1,3,2,10473,80
2512,3126665,1,3,2,10473,80
2513,3126665,1,3,2,10473,80
2514,3126665,1,3,2,10473,80
2515,3126665,1,3,2,10473,80
2516,3126665,1,3,2,10473,80
2517,3126665,1,3,2,10473,80
2518,3126665,1,3,2,10473,80
2519,3126665,1,3,2,10473,80
2520,3126665,1,3,2,10473,80
2521,3126665,1,3,2,10473,80
2522,3126665,1,3,2,10473,80
2523,3126665,1,3,2,10473,80
2524,3126665,1,3,2,10473,80
2525,3126665,1,3,2,10473,80
2526,3126665,1,3,2,10473,80
2527,3126665,1,3,2,10473,80
2528,3126665,0,4,2,10473,80
2529,3126665,0,4,2,10473,80
2530,3126665,0,4,2,10473,80
2531,3126665,0,4,2,10473,80
2532,3126665,0,4,2,10473,80
2533,3126665,0,4,2,10473,80
2534,3126665,0,4,2,10473,80
2535,3126665,0,4,2,10473,80
2536,3126665,0,4,2,10473,80
2537,3126665,0,4,2,10473,80
2538,3126665,0,4,2,10473,80
2539,3126665,0,4,2,10473,80
2540,3126665,0,4,2,10473,80
2541,3126665,0,4,2,10473,80
2542,3126665,0,4,2,10473,80
2543,3126665,0,4,2,10473,80
2544,3126665,0,4,2,10473,80
2545,3126665,0,4,2,10473,80
2546,3126665,0,4,2,10473,80
2547,3126665,0,4,2,10473,80
2548,3126665,0,4,2,10473,80
2549,3126665,0,4,2,10473,80
2550,3126665,0,4,2,10473,80
2551,3126665,0,4,2,10473,80
2552,3126665,0,4,2,10473,80
2553,3126665,0,4,2,10473,80
2554,3126665,0,4,2,10473,80
2555,3126665,0,4,2,10473,80
2556,3126665,0,4,2,10473,80
2557,3126665,0,4,2,10473,80
2558,3126665,0,4,2,10473,80
2559,3126665,0,4,2,10473,80
2560,3126665,0,4,2,10473,80
2561,3126665,0,4,2,10473,80
2562,3126665,0,4,2,10473,80
2563,3126665,0,4,2,10473,80
2564,3126665,0,4,2,10473,80
2565,3126665,0,4,2,10473,80
2566,3126665,0,4,2,10473,80
2567,3126665,0,4,2,10473,80
2568,3126665,0,4,2,10473,80
2569,3126665,0,4,2,10473,80
2570,3126665,0,4,2,10473,80
2571,3126665,0,4,2,10473,80
2572,3126665,0,4,2,10473,80
2573,3126665,0,4,2,10473,80
2574,3126665,0,4,2,10473,80
2575,3126665,0,4,2,10473,80
2576,3126665,0,4,2,10473,80
2577,3126665,0,4,2,10473,80
2578,3126665,0,4,2,10473,80
2579,3126665,0,4,2,10473,80
2580,3126665,0,4,2,10473,80
2581,3126665,0,4,2,10473,80
2582,3126665,0,4,2,10473,80
2583,3126665,0,4,2,10473,80
2584,3126665,0,4,2,10473,80
2585,3126665,0,4,2,10473,80
2586,3126665,0,4,2,10473,80
2587,3126665,0,4,2,10473,80
2588,3126665,0,4,2,10473,80
2589,3126665,0,4,2,10473,80
2590,3126665,0,4,2,10473,80
2591,3126665,0,3,2,10474,80
2592,3126665,0,3,2,10474,80
2593,3126665,0,3,2,10474,80
2594,3126665,0,3,2,10474,80
2595,3126665,0,3,2,10474,80
2596,3126665,0,3,2,10474,80
2597,3126665,0,3,2,10474,80
2598,3126665,0,3,2,10474,80
2599,3126665,0,3,2,10474,80
2600,3126665,0,3,2,10474,80
2601,3126665,0,3,2,10474,80
2602,3126665,0,3,2,10474,80
2603,3126665,0,3,2,10474,80
2604,3126665,0,3,2,10474,80
2605,3126665,0,3,2,10474,80
2606,3126665,0,3,2,10474,80
2607,3126665,0,3,2,10474,80
2608,3126665,0,3,2,10474,80
2609,3126665,0,3,2,10474,80
2610,3126665,0,3,2,10474,80
2611,3126665,0,3,2,10474,80
2612,3126665,0,3,2,10474,80
2613,3126665,0,3,2,10474,80
2614,3126665,0,3,2,10474,80
2615,3126665,0,2,2,10475,80
2616,3126665,0,2,2,10475,80
2617,3126665,0,2,2,10475,80
2618,3126665,0,2,2,10475,80
2619,3126665,0,2,2,10475,80
2620,3126665,0,2,2,10475,80
2621,3126665,0,2,2,10475,80
2622,3126665,0,2,2,10475,80
2623,3126665,0,2,2,10475,80
2624,3126665,0,2,2,10475,80
2625,3126665,0,2,2,10475,80
2626,3126665,0,2,2,10475,80
2627,3126664,1,2,2,10475,80
2628,3126664,1,2,2,10475,80
2629,3126664,1,2,2,10475,80
2630,3126664,1,2,2,10475,80
2631,3126664,1,2,2,10475,80
2632,3126664,1,2,2,10475,80
2633,3126664,1,2,2,10475,80
2634,3126664,1,2,2,10475,80
2635,3126664,1,2,2,10475,80
2636,3126664,1,2,2,10475,80
2637,3126664,1,2,2,10475,80
2638,3126664,1,2,2,10475,80
2639,3126664,1,2,2,10475,80
2640,3126664,1,2,2,10475,80
2641,3126664,1,2,2,10475,80
2642,3126664,1,2,2,10475,80
2643,3126664,1,2,2,10475,80
2644,3126664,1,2,2,10475,80
2645,3126664,1,2,2,10475,80
2646,3126664,1,2,2,10475,80
2647,3126664,1,2,2,10475,80
2648,3126664,1,2,2,10475,80
2649,3126664,1,2,2,10475,80
2650,3126664,1,2,2,10475,80
2651,3126664,1,2,2,10475,80
2652,3126664,1,2,2,10475,80
2653,3126664,1,2,2,10475,80
2654,3126664,1,2,2,10475,80
2655,3126664,1,2,2,10475,80
2656,3126664,1,2,2,10475,80
2657,3126664,1,2,2,10475,80
2658,3126664,1,2,2,10475,80
2659,3126664,1,2,2,10475,80
2660,3126664,1,2,2,10475,80
2661,3126664,1,2,2,10475,80
2662,3126664,1,2,2,10475,80
2663,3126664,1,2,2,10475,80
2664,3126664,1,2,2,10475,80
2665,3126664,1,2,2,10475,80
2666,3126664,1,2,2,10475,80
2667,3126664,1,2,2,10475,80
2668,3126664,1,2,2,10475,80
2669,3126664,1,2,2,10475,80
2670,3126664,1,2,2,10475,80
2671,3126664,1,2,2,10475,80
2672,3126664,1,2,2,10475,80
2673,3126664,1,2,2,10475,80
2674,3126664,0,3,2,10475,80
2675,3126664,0,3,2,10475,80
2676,3126664,0,3,2,10475,80
2677,3126664,0,3,2,10475,80
2678,3126664,0,3,2,10475,80
2679,3126664,0,3,2,10475,80
2680,3126664,0,3,2,10475,80
2681,3126664,0,3,2,10475,80
2682,3126664,0,3,2,10475,80
2683,3126664,0,3,2,10475,80
2684,3126664,0,3,2,10475,80
2685,3126664,0,3,2,10475,80
2686,3126664,0,3,2,10475,80
2687,3126664,0,2,2,10476,80
2688,3126664,0,2,2,10476,80
2689,3126664,0,2,2,10476,80
2690,3126664,0,2,2,10476,80
2691,3126664,0,2,2,10476,80
2692,3126664,0,2,2,10476,80
2693,3126664,0,2,2,10476,80
2694,3126664,0,2,2,10476,80
2695,3126664,0,2,2,10476,80
2696,3126664,0,2,2,10476,80
2697,3126664,0,2,2,10476,80
2698,3126664,0,2,2,10476,80
2699,3126664,0,2,2,10476,80
2700,3126664,0,2,2,10476,80
2701,3126664,0,2,2,10476,80
2702,3126664,0,2,2,10476,80
2703,3126664,0,2,2,10476,80
2704,3126664,0,2,2,10476,80
2705,3126664,0,2,2,10476,80
2706,3126664,0,2,2,10476,80
2707,3126664,0,2,2,10476,80
2708,3126664,0,2,2,10476,80
2709,3126664,0,2,2,10476,80
2710,3126664,0,2,2,10476,80
2711,3126664,0,2,2,10476,80
2712,3126664,0,2,2,10476,80
2713,3126664,0,2,2,10476,80
2714,3126664,0,2,2,10476,80
2715,3126664,0,2,2,10476,80
2716,3126664,0,2,2,10476,80
2717,3126664,0,2,2,10476,80
2718,3126664,0,2,2,10476,80
2719,3126664,0,2,2,10476,80
2720,3126664,0,2,2,10476,80
2721,3126664,0,2,2,10476,80
2722,3126664,0,2,2,10476,80
2723,3126664,0,2,2,10476,80
2724,3126664,0,2,2,10476,80
2725,3126664,0,2,2,10476,80
2726,3126664,0,2,2,10476,80
2727,3126664,0,2,2,10476,80
2728,3126664,0,2,2,10476,80
2729,3126664,0,2,2,10476,80
2730,3126664,0,2,2,10476,80
2731,3126664,0,2,2,10476,80
2732,3126664,0,2,2,10476,80
2733,3126664,0,2,2,10476,80
2734,3126664,0,2,2,10476,80
2735,3126664,0,2,2,10476,80
2736,3126664,0,2,2,10476,80
2737,3126664,0,2,2,10476,80
2738,3126664,0,2,2,10476,80
2739,3126664,0,2,2,10476,80
2740,3126664,0,2,2,10476,80
2741,3126664,0,2,2,10476,80
2742,3126664,0,2,2,10476,80
2743,3126664,0,2,2,10476,80
2744,3126664,0,2,2,10476,80
2745,3126664,0,2,2,10476,80
2746,3126664,0,2,2,10476,80
2747,3126664,0,2,2,10476,80
2748,3126664,0,2,2,10476,80
2749,3126664,0,2,2,10476,80
2750,3126664,0,2,2,10476,80
2751,3126664,0,2,2,10476,80
2752,3126664,0,2,2,10476,80
2753,3126664,0,2,2,10476,80
2754,3126664,0,2,2,10476,80
2755,3126664,0,2,2,10476,80
2756,3126664,0,2,2,10476,80
2757,3126664,0,2,2,10476,80
2758,3126664,0,2,2,10476,80
2759,3126664,0,1,2,10477,80
2760,3126664,0,1,2,10477,80
2761,3126664,0,1,2,10477,80
2762,3126664,0,1,2,10477,80
2763,3126664,0,1,2,10477,80
2764,3126664,0,1,2,10477,80
2765,3126664,0,1,2,10477,80
2766,3126664,0,1,2,10477,80
2767,3126664,0,1,2,10477,80
2768,3126664,0,1,2,10477,80
2769,3126664,0,1,2,10477,80
2770,3126664,0,1,2,10477,80
2771,3126664,0,1,2,10477,80
2772,3126664,0,1,2,10477,80
2773,3126664,0,1,2,10477,80
2774,3126664,0,1,2,10477,80
2775,3126664,0,1,2,10477,80
2776,3126664,0,1,2,10477,80
2777,3126664,0,1,2,10477,80
2778,3126664,0,1,2,10477,80
2779,3126664,0,1,2,10477,80
2780,3126664,0,1,2,10477,80
2781,3126664,0,1,2,10477,80
2782,3126664,0,1,2,10477,80
2783,3126664,0,1,2,10477,80
2784,3126664,0,1,2,10477,80
2785,3126664,0,1,2,10477,80
2786,3126664,0,1,2,10477,80
2787,3126664,0,1,2,10477,80
2788,3126664,0,1,2,10477,80
2789,3126664,0,1,2,10477,80
2790,3126664,0,1,2,10477,80
2791,3126664,0,1,2,10477,80
2792,3126664,0,1,2,10477,80
2793,3126664,0,1,2,10477,80
2794,3126664,0,1,2,10477,80
2795,3126664,0,1,2,10477,80
2796,3126664,0,1,2,10477,80
2797,3126664,0,1,2,10477,80
2798,3126664,0,1,2,10477,80
2799,3126664,0,1,2,10477,80
2800,3126664,0,1,2,10477,80
2801,3126664,0,1,2,10477,80
2802,3126664,0,1,2,10477,80
2803,3126664,0,1,2,10477,80
2804,3126664,0,1,2,10477,80
2805,3126664,0,1,2,10477,80
2806,3126664,0,1,2,10477,80
2807,3126664,0,1,2,10477,80
2808,3126664,0,1,2,10477,80
2809,3126664,0,1,2,10477,80
2810,3126664,0,1,2,10477,80
2811,3126664,0,1,2,10477,80
2812,3126664,0,1,2,10477,80
2813,3126664,0,1,2,10477,80
2814,3126664,0,1,2,10477,80
2815,3126664,0,1,2,10477,80
2816,3126664,0,1,2,10477,80
2817,3126664,0,1,2,10477,80
2818,3126664,0,1,2,10477,80
2819,3126664,0,1,2,10477,80
2820,3126664,0,1,2,10477,80
2821,3126664,0,1,2,10477,80
2822,3126664,0,1,2,10477,80
2823,3126664,0,1,2,10477,80
2824,3126664,0,1,2,10477,80
2825,3126664,0,1,2,10477,80
2826,3126664,0,1,2,10477,80
2827,3126664,0,1,2,10477,80
2828,3126664,0,1,2,10477,80
2829,3126664,0,1,2,10477,80
2830,3126664,0,1,2,10477,80
2831,3126664,0,1,2,10477,80
2832,3126664,0,1,2,10477,80
2833,3126664,0,1,2,10477,80
2834,3126664,0,1,2,10477,80
2835,3126664,0,1,2,10477,80
2836,3126664,0,1,2,10477,80
2837,3126664,0,1,2,10477,80
2838,3126664,0,1,2,10477,80
2839,3126664,0,1,2,10477,80
2840,3126664,0,1,2,10477,80
2841,3126664,0,1,2,10477,80
2842,3126664,0,1,2,10477,80
2843,3126664,0,1,2,10477,80
2844,3126664,0,1,2,10477,80
2845,3126664,0,1,2,10477,80
2846,3126664,0,1,2,10477,80
2847,3126664,0,1,2,10477,80
2848,3126664,0,1,2,10477,80
2849,3126664,0,1,2,10477,80
2850,3126664,0,1,2,10477,80
2851,3126664,0,1,2,10477,80
2852,3126664,0,1,2,10477,80
2853,3126664,0,1,2,10477,80
2854,3126664,0,1,2,10477,80
2855,3126664,0,1,2,10477,80
2856,3126664,0,1,2,10477,80
2857,3126664,0,1,2,10477,80
2858,3126664,0,1,2,10477,80
2859,3126664,0,1,2,10477,80
2860,3126664,0,1,2,10477,80
2861,3126664,0,1,2,10477,80
2862,3126664,0,1,2,10477,80
2863,3126664,0,1,2,10477,80
2864,3126664,0,1,2,10477,80
2865,3126664,0,1,2,10477,80
2866,3126664,0,1,2,10477,80
2867,3126664,0,1,2,10477,80
2868,3126664,0,1,2,10477,80
2869,3126664,0,1,2,10477,80
2870,3126664,0,1,2,10477,80
2871,3126664,0,1,2,10477,80
2872,3126664,0,1,2,10477,80
2873,3126664,0,1,2,10477,80
2874,3126664,0,1,2,10477,80
2875,3126664,0,1,2,10477,80
2876,3126664,0,1,2,10477,80
2877,3126664,0,1,2,10477,80
2878,3126664,0,1,2,10477,80
2879,3126664,0,1,2,10477,80
2880,3126664,0,1,2,10477,80
2881,3126664,0,1,2,10477,80
2882,3126664,0,1,2,10477,80
2883,3126664,0,1,2,10477,80
2884,3126664,0,1,2,10477,80
2885,3126664,0,1,2,10477,80
2886,3126664,0,1,2,10477,80
2887,3126664,0,1,2,10477,80
2888,3126664,0,1,2,10477,80
2889,3126664,0,1,2,10477,80
2890,3126664,0,1,2,10477,80
2891,3126664,0,1,2,10477,80
2892,3126664,0,1,2,10477,80
2893,3126664,0,1,2,10477,80
2894,3126664,0,1,2,10477,80
2895,3126664,0,1,2,10477,80
2896,3126664,0,1,2,10477,80
2897,3126664,0,1,2,10477,80
2898,3126664,0,1,2,10477,80
2899,3126664,0,1,2,10477,80
2900,3126664,0,1,2,10477,80
2901,3126664,0,1,2,10477,80
2902,3126664,0,1,2,10477,80
2903,3126664,0,0,2,10478,80
2904,3126664,0,0,2,10478,80
2905,3126664,0,0,2,10478,80
2906,3126664,0,0,2,10478,80
2907,3126664,0,0,2,10478,80
2908,3126664,0,0,2,10478,80
2909,3126664,0,0,2,10478,80
2910,3126664,0,0,2,10478,80
2911,3126664,0,0,2,10478,80
2912,3126664,0,0,2,10478,80
2913,3126664,0,0,2,10478,80
2914,3126664,0,0,2,10478,80
2915,3126664,0,0,2,10478,80
2916,3126664,0,0,2,10478,80
2917,3126664,0,0,2,10478,80
2918,3126664,0,0,2,10478,80
2919,3126664,0,0,2,10478,80
2920,3126664,0,0,2,10478,80
2921,3126664,0,0,2,10478,80
2922,3126664,0,0,2,10478,80
2923,3126664,0,0,2,10478,80
2924,3126664,0,0,2,10478,80
2925,3126664,0,0,2,10478,80
2926,3126664,0,0,2,10478,80
2927,3126664,0,0,2,10478,80
2928,3126664,0,0,2,10478,80
2929,3126664,0,0,2,10478,80
2930,3126664,0,0,2,10478,80
2931,3126664,0,0,2,10478,80
2932,3126664,0,0,2,10478,80
2933,3126664,0,0,2,10478,80
2934,3126664,0,0,2,10478,80
2935,3126664,0,0,2,10478,80
2936,3126664,0,0,2,10478,80
2937,3126664,0,0,2,10478,80
2938,3126664,0,0,2,10478,80
2939,3126664,0,0,2,10478,80
2940,3126664,0,0,2,10478,80
2941,3126664,0,0,2,10478,80
2942,3126664,0,0,2,10478,80
2943,3126664,0,0,2,10478,80
2944,3126664,0,0,2,10478,80
2945,3126664,0,0,2,10478,80
2946,3126664,0,0,2,10478,80
2947,3126664,0,0,2,10478,80
2948,3126664,0,0,2,10478,80
2949,3126664,0,0,2,10478,80
2950,3126664,0,0,2,10478,80
2951,3126664,0,0,1,10479,80
2952,3126664,0,0,1,10479,80
2953,3126664,0,0,1,10479,80
2954,3126664,0,0,1,10479,80
2955,3126664,0,0,1,10479,80
2956,3126664,0,0,1,10479,80
2957,3126664,0,0,1,10479,80
2958,3126664,0,0,1,10479,80
2959,3126664,0,0,1,10479,80
2960,3126664,0,0,1,10479,80
2961,3126664,0,0,1,10479,80
2962,3126664,0,0,1,10479,80
2963,3126664,0,0,1,10479,80
2964,3126664,0,0,1,10479,80
2965,3126664,0,0,1,10479,80
2966,3126664,0,0,1,10479,80
2967,3126664,0,0,1,10479,80
2968,3126664,0,0,1,10479,80
2969,3126664,0,0,1,10479,80
2970,3126664,0,0,1,10479,80
2971,3126664,0,0,1,10479,80
2972,3126664,0,0,1,10479,80
2973,3126664,0,0,1,10479,80
2974,3126664,0,0,1,10479,80
2975,3126664,0,0,1,10479,80
2976,3126664,0,0,1,10479,80
2977,3126664,0,0,1,10479,80
2978,3126664,0,0,1,10479,80
2979,3126664,0,0,1,10479,80
2980,3126664,0,0,1,10479,80
2981,3126664,0,0,1,10479,80
2982,3126664,0,0,1,10479,80
2983,3126664,0,0,1,10479,80
2984,3126664,0,0,1,10479,80
2985,3126664,0,0,1,10479,80
2986,3126664,0,0,1,10479,80
2987,3126664,0,0,1,10479,80
2988,3126664,0,0,1,10479,80
2989,3126664,0,0,1,10479,80
2990,3126664,0,0,1,10479,80
2991,3126664,0,0,1,10479,80
2992,3126664,0,0,1,10479,80
2993,3126664,0,0,1,10479,80
2994,3126664,0,0,1,10479,80
2995,3126664,0,0,1,10479,80
2996,3126664,0,0,1,10479,80
2997,3126664,0,0,1,10479,80
2998,3126664,0,0,1,10479,80
2999,3126664,0,0,0,10480,80
