hour,susceptible,infected,quarantined,recovered,deceased
1,999,1,0,0,0
2,999,1,0,0,0
3,999,1,0,0,0
4,999,1,0,0,0
5,999,1,0,0,0
6,999,1,0,0,0
7,999,1,0,0,0
8,999,1,0,0,0
9,999,1,0,0,0
10,999,1,0,0,0
11,999,1,0,0,0
12,999,1,0,0,0
13,999,1,0,0,0
14,999,1,0,0,0
15,999,1,0,0,0
16,999,1,0,0,0
17,999,1,0,0,0
18,999,1,0,0,0
19,999,1,0,0,0
20,999,1,0,0,0
21,999,1,0,0,0
22,999,1,0,0,0
23,999,1,0,0,0
24,999,1,0,0,0
25,999,1,0,0,0
26,999,1,0,0,0
27,999,1,0,0,0
28,999,1,0,0,0
29,999,1,0,0,0
30,999,1,0,0,0
31,999,1,0,0,0
32,999,1,0,0,0
33,999,1,0,0,0
34,999,1,0,0,0
35,999,1,0,0,0
36,999,1,0,0,0
37,999,1,0,0,0
38,999,1,0,0,0
39,999,1,0,0,0
40,999,1,0,0,0
41,999,1,0,0,0
42,999,1,0,0,0
43,999,1,0,0,0
44,999,1,0,0,0
45,999,1,0,0,0
46,999,1,0,0,0
47,999,1,0,0,0
48,999,1,0,0,0
49,999,1,0,0,0
50,999,1,0,0,0
51,999,1,0,0,0
52,999,1,0,0,0
53,999,1,0,0,0
54,999,1,0,0,0
55,999,1,0,0,0
56,999,1,0,0,0
57,999,1,0,0,0
58,999,1,0,0,0
59,999,1,0,0,0
60,999,1,0,0,0
61,999,1,0,0,0
62,999,1,0,0,0
63,999,1,0,0,0
64,999,1,0,0,0
65,999,1,0,0,0
66,999,1,0,0,0
67,999,1,0,0,0
68,999,1,0,0,0
69,999,1,0,0,0
70,999,1,0,0,0
71,999,1,0,0,0
72,999,1,0,0,0
73,999,1,0,0,0
74,999,1,0,0,0
75,999,1,0,0,0
76,999,1,0,0,0
77,999,1,0,0,0
78,999,1,0,0,0
79,999,1,0,0,0
80,999,1,0,0,0
81,999,1,0,0,0
82,999,1,0,0,0
83,999,1,0,0,0
84,999,1,0,0,0
85,999,1,0,0,0
86,999,1,0,0,0
87,999,1,0,0,0
88,999,1,0,0,0
89,999,1,0,0,0
90,999,1,0,0,0
91,999,1,0,0,0
92,999,1,0,0,0
93,999,1,0,0,0
94,999,1,0,0,0
95,999,1,0,0,0
96,999,1,0,0,0
97,999,1,0,0,0
98,999,1,0,0,0
99,999,1,0,0,0
100,999,1,0,0,0
101,999,1,0,0,0
102,999,1,0,0,0
103,999,1,0,0,0
104,999,1,0,0,0
105,999,1,0,0,0
106,999,1,0,0,0
107,999,1,0,0,0
108,999,1,0,0,0
109,999,1,0,0,0
110,999,1,0,0,0
111,999,1,0,0,0
112,999,1,0,0,0
113,999,1,0,0,0
114,999,1,0,0,0
115,999,1,0,0,0
116,999,1,0,0,0
117,999,1,0,0,0
118,999,1,0,0,0
119,999,1,0,0,0
120,999,1,0,0,0
121,999,1,0,0,0
122,999,1,0,0,0
123,999,1,0,0,0
124,999,1,0,0,0
125,999,1,0,0,0
126,999,1,0,0,0
127,999,1,0,0,0
128,999,1,0,0,0
129,999,1,0,0,0
130,999,1,0,0,0
131,999,1,0,0,0
132,999,1,0,0,0
133,999,1,0,0,0
134,999,1,0,0,0
135,999,1,0,0,0
136,999,1,0,0,0
137,999,1,0,0,0
138,999,1,0,0,0
139,999,1,0,0,0
140,999,1,0,0,0
141,999,1,0,0,0
142,999,1,0,0,0
143,999,1,0,0,0
144,999,1,0,0,0
145,999,1,0,0,0
146,999,1,0,0,0
147,999,1,0,0,0
148,999,1,0,0,0
149,999,1,0,0,0
150,999,1,0,0,0
151,999,1,0,0,0
152,999,1,0,0,0
153,999,1,0,0,0
154,999,1,0,0,0
155,999,1,0,0,0
156,999,1,0,0,0
157,999,1,0,0,0
158,999,1,0,0,0
159,999,1,0,0,0
160,999,1,0,0,0
161,999,1,0,0,0
162,999,1,0,0,0
163,999,1,0,0,0
164,999,1,0,0,0
165,999,1,0,0,0
166,999,1,0,0,0
167,999,1,0,0,0
168,999,1,0,0,0
169,999,1,0,0,0
170,999,1,0,0,0
171,999,1,0,0,0
172,999,1,0,0,0
173,999,1,0,0,0
174,999,1,0,0,0
175,999,1,0,0,0
176,999,1,0,0,0
177,999,1,0,0,0
178,999,1,0,0,0
179,999,1,0,0,0
180,999,1,0,0,0
181,999,1,0,0,0
182,999,1,0,0,0
183,999,1,0,0,0
184,999,1,0,0,0
185,999,1,0,0,0
186,999,1,0,0,0
187,999,1,0,0,0
188,999,1,0,0,0
189,999,1,0,0,0
190,999,1,0,0,0
191,999,1,0,0,0
192,999,1,0,0,0
193,999,1,0,0,0
194,999,1,0,0,0
195,999,1,0,0,0
196,999,1,0,0,0
197,999,1,0,0,0
198,999,1,0,0,0
199,999,1,0,0,0
200,999,1,0,0,0
201,999,1,0,0,0
202,999,1,0,0,0
203,999,1,0,0,0
204,999,1,0,0,0
205,999,1,0,0,0
206,999,1,0,0,0
207,999,1,0,0,0
208,999,1,0,0,0
209,999,1,0,0,0
210,999,1,0,0,0
211,999,1,0,0,0
212,999,1,0,0,0
213,999,1,0,0,0
214,999,1,0,0,0
215,999,1,0,0,0
216,999,1,0,0,0
217,999,1,0,0,0
218,999,1,0,0,0
219,999,1,0,0,0
220,999,1,0,0,0
221,999,1,0,0,0
222,999,1,0,0,0
223,999,1,0,0,0
224,999,1,0,0,0
225,999,1,0,0,0
226,999,1,0,0,0
227,999,1,0,0,0
228,999,1,0,0,0
229,999,1,0,0,0
230,999,1,0,0,0
231,999,1,0,0,0
232,999,1,0,0,0
233,999,1,0,0,0
234,999,1,0,0,0
235,999,1,0,0,0
236,999,1,0,0,0
237,999,1,0,0,0
238,999,1,0,0,0
239,999,1,0,0,0
240,999,1,0,0,0
241,999,1,0,0,0
242,999,1,0,0,0
243,999,1,0,0,0
244,999,1,0,0,0
245,999,1,0,0,0
246,999,1,0,0,0
247,999,1,0,0,0
248,999,1,0,0,0
249,999,1,0,0,0
250,999,1,0,0,0
251,999,1,0,0,0
252,999,1,0,0,0
253,999,1,0,0,0
254,999,1,0,0,0
255,999,1,0,0,0
256,999,1,0,0,0
257,999,1,0,0,0
258,999,1,0,0,0
259,999,1,0,0,0
260,999,1,0,0,0
261,999,1,0,0,0
262,999,1,0,0,0
263,999,1,0,0,0
264,999,1,0,0,0
265,999,1,0,0,0
266,999,1,0,0,0
267,999,1,0,0,0
268,999,1,0,0,0
269,999,1,0,0,0
270,999,1,0,0,0
271,999,1,0,0,0
272,999,1,0,0,0
273,999,1,0,0,0
274,999,1,0,0,0
275,999,1,0,0,0
276,999,1,0,0,0
277,999,1,0,0,0
278,999,1,0,0,0
279,999,1,0,0,0
280,999,1,0,0,0
281,999,1,0,0,0
282,999,1,0,0,0
283,998,2,0,0,0
284,998,2,0,0,0
285,998,2,0,0,0
286,996,4,0,0,0
287,996,4,0,0,0
288,996,4,0,0,0
289,996,4,0,0,0
290,996,4,0,0,0
291,996,4,0,0,0
292,996,4,0,0,0
293,996,4,0,0,0
294,996,4,0,0,0
295,996,4,0,0,0
296,996,4,0,0,0
297,996,4,0,0,0
298,996,4,0,0,0
299,996,4,0,0,0
300,996,4,0,0,0
301,996,4,0,0,0
302,996,4,0,0,0
303,996,4,0,0,0
304,996,4,0,0,0
305,996,4,0,0,0
306,996,4,0,0,0
307,996,4,0,0,0
308,996,4,0,0,0
309,996,4,0,0,0
310,996,4,0,0,0
311,996,4,0,0,0
312,996,4,0,0,0
313,996,4,0,0,0
314,996,4,0,0,0
315,996,4,0,0,0
316,996,4,0,0,0
317,996,4,0,0,0
318,996,4,0,0,0
319,996,4,0,0,0
320,996,4,0,0,0
321,996,4,0,0,0
322,996,4,0,0,0
323,995,5,0,0,0
324,994,6,0,0,0
325,994,6,0,0,0
326,994,6,0,0,0
327,993,7,0,0,0
328,993,7,0,0,0
329,993,7,0,0,0
330,993,7,0,0,0
331,993,7,0,0,0
332,993,7,0,0,0
333,993,7,0,0,0
334,993,7,0,0,0
335,993,7,0,0,0
336,993,7,0,0,0
337,993,7,0,0,0
338,993,7,0,0,0
339,993,7,0,0,0
340,993,7,0,0,0
341,993,7,0,0,0
342,993,7,0,0,0
343,992,8,0,0,0
344,992,8,0,0,0
345,991,9,0,0,0
346,991,9,0,0,0
347,990,10,0,0,0
348,990,10,0,0,0
349,990,10,0,0,0
350,990,10,0,0,0
351,990,10,0,0,0
352,990,10,0,0,0
353,990,10,0,0,0
354,990,10,0,0,0
355,989,11,0,0,0
356,989,11,0,0,0
357,989,11,0,0,0
358,989,11,0,0,0
359,989,11,0,0,0
360,989,11,0,0,0
361,989,11,0,0,0
362,989,11,0,0,0
363,989,11,0,0,0
364,989,11,0,0,0
365,989,11,0,0,0
366,989,11,0,0,0
367,989,11,0,0,0
368,989,11,0,0,0
369,989,11,0,0,0
370,989,11,0,0,0
371,989,11,0,0,0
372,989,11,0,0,0
373,989,11,0,0,0
374,989,11,0,0,0
375,989,11,0,0,0
376,989,11,0,0,0
377,989,11,0,0,0
378,989,11,0,0,0
379,989,11,0,0,0
380,989,11,0,0,0
381,989,11,0,0,0
382,989,11,0,0,0
383,989,11,0,0,0
384,989,10,1,0,0
385,989,10,1,0,0
386,989,10,1,0,0
387,989,10,1,0,0
388,989,10,1,0,0
389,989,10,1,0,0
390,989,10,1,0,0
391,989,10,1,0,0
392,989,10,1,0,0
393,989,10,1,0,0
394,989,10,1,0,0
395,989,10,1,0,0
396,989,10,1,0,0
397,989,10,1,0,0
398,989,10,1,0,0
399,989,10,1,0,0
400,989,10,1,0,0
401,989,10,1,0,0
402,989,10,1,0,0
403,989,10,1,0,0
404,989,10,1,0,0
405,989,10,1,0,0
406,989,10,1,0,0
407,989,10,1,0,0
408,989,10,1,0,0
409,989,10,1,0,0
410,989,10,1,0,0
411,989,10,1,0,0
412,989,10,1,0,0
413,989,10,1,0,0
414,989,10,1,0,0
415,989,10,1,0,0
416,989,10,1,0,0
417,989,10,1,0,0
418,989,10,1,0,0
419,989,10,1,0,0
420,989,10,1,0,0
421,989,10,1,0,0
422,989,10,1,0,0
423,989,10,1,0,0
424,989,10,1,0,0
425,989,10,1,0,0
426,989,10,1,0,0
427,989,10,1,0,0
428,989,10,1,0,0
429,989,10,1,0,0
430,989,10,1,0,0
431,989,10,1,0,0
432,989,10,1,0,0
433,989,10,1,0,0
434,989,10,1,0,0
435,989,10,1,0,0
436,989,10,1,0,0
437,989,10,1,0,0
438,989,10,1,0,0
439,989,10,1,0,0
440,989,10,1,0,0
441,989,10,1,0,0
442,989,10,1,0,0
443,989,10,1,0,0
444,989,10,1,0,0
445,989,10,1,0,0
446,989,10,1,0,0
447,989,10,1,0,0
448,989,10,1,0,0
449,989,10,1,0,0
450,989,10,1,0,0
451,989,10,1,0,0
452,989,10,1,0,0
453,989,10,1,0,0
454,989,10,1,0,0
455,989,10,1,0,0
456,989,10,1,0,0
457,989,10,1,0,0
458,989,10,1,0,0
459,989,10,1,0,0
460,989,10,1,0,0
461,989,10,1,0,0
462,989,10,1,0,0
463,989,10,1,0,0
464,989,10,1,0,0
465,989,10,1,0,0
466,989,10,1,0,0
467,989,10,1,0,0
468,989,10,1,0,0
469,989,10,1,0,0
470,989,10,1,0,0
471,989,10,1,0,0
472,989,10,1,0,0
473,989,10,1,0,0
474,989,10,1,0,0
475,989,10,1,0,0
476,989,10,1,0,0
477,989,10,1,0,0
478,989,10,1,0,0
479,989,10,1,0,0
480,989,10,1,0,0
481,989,10,1,0,0
482,989,10,1,0,0
483,989,10,1,0,0
484,989,10,1,0,0
485,989,10,1,0,0
486,989,10,1,0,0
487,989,10,1,0,0
488,989,10,1,0,0
489,989,10,1,0,0
490,989,10,1,0,0
491,989,10,1,0,0
492,989,10,1,0,0
493,989,10,1,0,0
494,989,10,1,0,0
495,989,10,1,0,0
496,989,10,1,0,0
497,989,10,1,0,0
498,989,10,1,0,0
499,989,10,1,0,0
500,989,10,1,0,0
501,989,10,1,0,0
502,989,10,1,0,0
503,989,10,1,0,0
504,989,10,1,0,0
505,989,10,1,0,0
506,989,10,1,0,0
507,989,10,1,0,0
508,989,10,1,0,0
509,989,10,1,0,0
510,989,10,1,0,0
511,989,10,1,0,0
512,989,10,1,0,0
513,989,10,1,0,0
514,989,10,1,0,0
515,989,10,1,0,0
516,989,10,1,0,0
517,989,10,1,0,0
518,989,10,1,0,0
519,989,10,1,0,0
520,989,10,1,0,0
521,989,10,1,0,0
522,989,10,1,0,0
523,988,11,1,0,0
524,988,11,1,0,0
525,988,11,1,0,0
526,988,11,1,0,0
527,988,11,1,0,0
528,988,11,1,0,0
529,988,11,1,0,0
530,988,11,1,0,0
531,988,11,1,0,0
532,988,11,1,0,0
533,988,11,1,0,0
534,988,11,1,0,0
535,987,12,1,0,0
536,987,12,1,0,0
537,987,12,1,0,0
538,987,12,1,0,0
539,987,12,1,0,0
540,987,12,1,0,0
541,987,12,1,0,0
542,987,12,1,0,0
543,987,12,1,0,0
544,987,12,1,0,0
545,987,12,1,0,0
546,987,12,1,0,0
547,987,12,1,0,0
548,987,12,1,0,0
549,987,12,1,0,0
550,987,12,1,0,0
551,987,12,0,0,1
552,987,12,0,0,1
553,987,12,0,0,1
554,987,12,0,0,1
555,987,12,0,0,1
556,987,12,0,0,1
557,987,12,0,0,1
558,987,12,0,0,1
559,986,13,0,0,1
560,985,14,0,0,1
561,985,14,0,0,1
562,985,14,0,0,1
563,985,14,0,0,1
564,985,14,0,0,1
565,985,14,0,0,1
566,985,14,0,0,1
567,985,14,0,0,1
568,985,14,0,0,1
569,985,14,0,0,1
570,985,14,0,0,1
571,985,14,0,0,1
572,985,14,0,0,1
573,985,14,0,0,1
574,984,15,0,0,1
575,984,15,0,0,1
576,984,15,0,0,1
577,984,15,0,0,1
578,984,15,0,0,1
579,984,15,0,0,1
580,984,15,0,0,1
581,984,15,0,0,1
582,984,15,0,0,1
583,982,17,0,0,1
584,982,17,0,0,1
585,982,17,0,0,1
586,982,17,0,0,1
587,980,19,0,0,1
588,980,19,0,0,1
589,980,19,0,0,1
590,980,19,0,0,1
591,979,20,0,0,1
592,979,20,0,0,1
593,979,20,0,0,1
594,979,20,0,0,1
595,978,21,0,0,1
596,977,22,0,0,1
597,977,22,0,0,1
598,977,22,0,0,1
599,977,22,0,0,1
600,977,22,0,0,1
601,977,22,0,0,1
602,977,22,0,0,1
603,977,22,0,0,1
604,977,22,0,0,1
605,977,22,0,0,1
606,977,22,0,0,1
607,977,22,0,0,1
608,977,22,0,0,1
609,977,22,0,0,1
610,977,22,0,0,1
611,976,23,0,0,1
612,975,24,0,0,1
613,975,24,0,0,1
614,973,26,0,0,1
615,972,27,0,0,1
616,972,27,0,0,1
617,972,27,0,0,1
618,970,29,0,0,1
619,970,29,0,0,1
620,968,31,0,0,1
621,967,32,0,0,1
622,966,33,0,0,1
623,966,33,0,0,1
624,966,31,2,0,1
625,966,31,2,0,1
626,966,31,2,0,1
627,966,31,2,0,1
628,966,31,2,0,1
629,966,31,2,0,1
630,966,31,2,0,1
631,966,31,2,0,1
632,966,31,2,0,1
633,965,32,2,0,1
634,964,33,2,0,1
635,964,33,2,0,1
636,963,34,2,0,1
637,963,34,2,0,1
638,962,35,2,0,1
639,961,36,2,0,1
640,961,36,2,0,1
641,961,36,2,0,1
642,960,37,2,0,1
643,960,37,2,0,1
644,960,37,2,0,1
645,960,37,2,0,1
646,960,37,2,0,1
647,960,37,2,0,1
648,960,37,2,0,1
649,960,37,2,0,1
650,960,37,2,0,1
651,960,37,2,0,1
652,960,37,2,0,1
653,960,37,2,0,1
654,960,37,2,0,1
655,960,37,2,0,1
656,960,37,2,0,1
657,960,37,2,0,1
658,960,37,2,0,1
659,959,38,2,0,1
660,958,39,2,0,1
661,958,39,2,0,1
662,958,39,2,0,1
663,958,39,2,0,1
664,958,39,2,0,1
665,958,39,2,0,1
666,958,39,2,0,1
667,958,39,2,0,1
668,956,41,2,0,1
669,956,41,2,0,1
670,955,42,2,0,1
671,955,42,2,0,1
672,955,41,3,0,1
673,955,41,3,0,1
674,955,41,3,0,1
675,955,41,3,0,1
676,955,41,3,0,1
677,955,41,3,0,1
678,955,41,3,0,1
679,955,41,3,0,1
680,955,41,3,0,1
681,955,41,3,0,1
682,955,41,3,0,1
683,955,41,3,0,1
684,955,41,3,0,1
685,955,41,3,0,1
686,954,42,3,0,1
687,954,42,3,0,1
688,954,42,3,0,1
689,954,42,3,0,1
690,954,42,3,0,1
691,953,43,3,0,1
692,953,43,3,0,1
693,952,44,3,0,1
694,952,44,3,0,1
695,952,44,3,0,1
696,952,43,4,0,1
697,952,43,4,0,1
698,952,43,4,0,1
699,952,43,4,0,1
700,952,43,4,0,1
701,952,43,4,0,1
702,952,43,4,0,1
703,952,43,4,0,1
704,952,43,4,0,1
705,951,44,4,0,1
706,949,46,4,0,1
707,949,46,4,0,1
708,949,46,4,0,1
709,947,48,4,0,1
710,947,48,4,0,1
711,946,49,4,0,1
712,946,49,4,0,1
713,946,49,4,0,1
714,946,49,4,0,1
715,946,49,4,0,1
716,946,49,4,0,1
717,946,49,4,0,1
718,946,49,4,0,1
719,946,49,4,0,1
720,946,45,8,0,1
721,946,45,8,0,1
722,946,45,8,0,1
723,946,45,8,0,1
724,946,45,8,0,1
725,946,45,8,0,1
726,946,45,8,0,1
727,946,45,8,0,1
728,946,45,8,0,1
729,946,45,8,0,1
730,946,45,8,0,1
731,946,45,8,0,1
732,946,45,8,0,1
733,946,45,8,0,1
734,946,45,8,0,1
735,946,45,8,0,1
736,946,45,8,0,1
737,946,45,8,0,1
738,946,45,8,0,1
739,946,45,8,0,1
740,946,45,8,0,1
741,946,45,8,0,1
742,946,45,8,0,1
743,946,45,8,0,1
744,946,43,10,0,1
745,946,43,10,0,1
746,946,43,10,0,1
747,946,43,10,0,1
748,946,43,10,0,1
749,946,43,10,0,1
750,946,43,10,0,1
751,946,43,10,0,1
752,946,43,10,0,1
753,946,43,10,0,1
754,946,43,10,0,1
755,946,43,10,0,1
756,946,43,10,0,1
757,946,43,10,0,1
758,946,43,10,0,1
759,946,43,10,0,1
760,946,43,10,0,1
761,946,43,10,0,1
762,946,43,10,0,1
763,946,43,10,0,1
764,946,43,10,0,1
765,946,43,10,0,1
766,946,43,10,0,1
767,946,43,10,0,1
768,946,43,10,0,1
769,946,43,10,0,1
770,946,43,10,0,1
771,946,43,10,0,1
772,946,43,10,0,1
773,946,43,10,0,1
774,946,43,10,0,1
775,946,43,10,0,1
776,946,43,10,0,1
777,946,43,10,0,1
778,946,43,10,0,1
779,946,43,10,0,1
780,946,43,10,0,1
781,946,43,10,0,1
782,946,43,10,0,1
783,946,43,10,0,1
784,946,43,10,0,1
785,946,43,10,0,1
786,946,43,10,0,1
787,946,43,10,0,1
788,946,43,10,0,1
789,946,43,10,0,1
790,946,43,10,0,1
791,946,43,10,0,1
792,946,43,10,0,1
793,946,43,10,0,1
794,946,43,10,0,1
795,946,43,10,0,1
796,946,43,10,0,1
797,946,43,10,0,1
798,946,43,10,0,1
799,946,43,10,0,1
800,946,43,10,0,1
801,946,43,10,0,1
802,946,43,10,0,1
803,946,43,10,0,1
804,946,43,10,0,1
805,946,43,10,0,1
806,946,43,10,0,1
807,946,43,10,0,1
808,945,44,10,0,1
809,945,44,10,0,1
810,945,44,10,0,1
811,945,44,10,0,1
812,945,44,10,0,1
813,945,44,10,0,1
814,945,44,10,0,1
815,945,44,7,3,1
816,945,44,7,3,1
817,945,44,7,3,1
818,945,44,7,3,1
819,945,44,7,3,1
820,945,44,7,3,1
821,945,44,7,3,1
822,945,44,7,3,1
823,945,44,7,3,1
824,942,47,7,3,1
825,941,48,7,3,1
826,941,48,7,3,1
827,940,49,7,3,1
828,939,50,7,3,1
829,939,50,7,3,1
830,939,50,7,3,1
831,939,50,7,3,1
832,938,51,7,3,1
833,938,51,7,3,1
834,938,51,7,3,1
835,937,52,7,3,1
836,936,53,7,3,1
837,936,53,7,3,1
838,935,54,7,3,1
839,935,54,7,3,1
840,935,54,7,3,1
841,935,54,7,3,1
842,935,54,7,3,1
843,935,54,7,3,1
844,935,54,7,3,1
845,935,54,7,3,1
846,935,54,7,3,1
847,934,55,7,3,1
848,932,57,7,3,1
849,931,58,7,3,1
850,931,58,7,3,1
851,930,59,7,3,1
852,930,59,7,3,1
853,929,60,7,3,1
854,927,62,7,3,1
855,927,62,7,3,1
856,927,62,7,3,1
857,927,62,7,3,1
858,927,62,7,3,1
859,925,64,7,3,1
860,924,65,7,3,1
861,924,65,7,3,1
862,922,67,7,3,1
863,922,67,4,5,2
864,922,67,4,5,2
865,922,67,4,5,2
866,922,67,4,5,2
867,922,67,4,5,2
868,922,67,4,5,2
869,922,67,4,5,2
870,922,67,4,5,2
871,922,67,4,5,2
872,922,67,4,5,2
873,922,67,4,5,2
874,922,67,4,5,2
875,921,68,4,5,2
876,920,69,4,5,2
877,919,70,4,5,2
878,919,70,4,5,2
879,919,70,4,5,2
880,918,71,4,5,2
881,917,72,4,5,2
882,916,73,4,5,2
883,915,74,4,5,2
884,914,75,4,5,2
885,914,75,4,5,2
886,913,76,4,5,2
887,913,76,0,8,3
888,913,76,0,8,3
889,913,76,0,8,3
890,913,76,0,8,3
891,913,76,0,8,3
892,913,76,0,8,3
893,913,76,0,8,3
894,913,76,0,8,3
895,913,76,0,8,3
896,913,76,0,8,3
897,913,76,0,8,3
898,913,76,0,8,3
899,911,78,0,8,3
900,910,79,0,8,3
901,908,81,0,8,3
902,908,81,0,8,3
903,908,81,0,8,3
904,908,81,0,8,3
905,904,85,0,8,3
906,902,87,0,8,3
907,900,89,0,8,3
908,900,89,0,8,3
909,900,89,0,8,3
910,900,89,0,8,3
911,900,89,0,8,3
912,900,89,0,8,3
913,900,89,0,8,3
914,900,89,0,8,3
915,900,89,0,8,3
916,900,89,0,8,3
917,900,89,0,8,3
918,900,89,0,8,3
919,899,90,0,8,3
920,897,92,0,8,3
921,896,93,0,8,3
922,894,95,0,8,3
923,894,95,0,8,3
924,893,96,0,8,3
925,891,98,0,8,3
926,890,99,0,8,3
927,888,101,0,8,3
928,887,102,0,8,3
929,886,103,0,8,3
930,885,104,0,8,3
931,884,105,0,8,3
932,883,106,0,8,3
933,882,107,0,8,3
934,882,107,0,8,3
935,882,107,0,8,3
936,882,104,3,8,3
937,882,104,3,8,3
938,882,104,3,8,3
939,882,104,3,8,3
940,882,104,3,8,3
941,882,104,3,8,3
942,882,104,3,8,3
943,881,105,3,8,3
944,878,108,3,8,3
945,878,108,3,8,3
946,875,111,3,8,3
947,873,113,3,8,3
948,873,113,3,8,3
949,873,113,3,8,3
950,873,113,3,8,3
951,871,115,3,8,3
952,870,116,3,8,3
953,870,116,3,8,3
954,870,116,3,8,3
955,870,116,3,8,3
956,866,120,3,8,3
957,865,121,3,8,3
958,865,121,3,8,3
959,865,121,3,8,3
960,865,117,7,8,3
961,865,117,7,8,3
962,865,117,7,8,3
963,865,117,7,8,3
964,865,117,7,8,3
965,865,117,7,8,3
966,865,117,7,8,3
967,864,118,7,8,3
968,862,120,7,8,3
969,860,122,7,8,3
970,859,123,7,8,3
971,859,123,7,8,3
972,859,123,7,8,3
973,859,123,7,8,3
974,859,123,7,8,3
975,859,123,7,8,3
976,858,124,7,8,3
977,858,124,7,8,3
978,856,126,7,8,3
979,853,129,7,8,3
980,852,130,7,8,3
981,851,131,7,8,3
982,851,131,7,8,3
983,851,131,7,8,3
984,851,126,12,8,3
985,851,126,12,8,3
986,851,126,12,8,3
987,851,126,12,8,3
988,851,126,12,8,3
989,851,126,12,8,3
990,851,126,12,8,3
991,851,126,12,8,3
992,849,128,12,8,3
993,848,129,12,8,3
994,848,129,12,8,3
995,847,130,12,8,3
996,847,130,12,8,3
997,847,130,12,8,3
998,846,131,12,8,3
999,845,132,12,8,3
1000,844,133,12,8,3
1001,843,134,12,8,3
1002,842,135,12,8,3
1003,841,136,12,8,3
1004,840,137,12,8,3
1005,840,137,12,8,3
1006,839,138,12,8,3
1007,839,138,12,8,3
1008,839,129,21,8,3
1009,839,129,21,8,3
1010,839,129,21,8,3
1011,839,129,21,8,3
1012,839,129,21,8,3
1013,839,129,21,8,3
1014,839,129,21,8,3
1015,838,130,21,8,3
1016,838,130,21,8,3
1017,838,130,21,8,3
1018,838,130,21,8,3
1019,838,130,21,8,3
1020,838,130,21,8,3
1021,838,130,21,8,3
1022,838,130,21,8,3
1023,838,130,21,8,3
1024,837,131,21,8,3
1025,837,131,21,8,3
1026,837,131,21,8,3
1027,836,132,21,8,3
1028,836,132,21,8,3
1029,834,134,21,8,3
1030,834,134,21,8,3
1031,834,134,21,8,3
1032,834,127,28,8,3
1033,834,127,28,8,3
1034,834,127,28,8,3
1035,834,127,28,8,3
1036,834,127,28,8,3
1037,834,127,28,8,3
1038,834,127,28,8,3
1039,834,127,28,8,3
1040,832,129,28,8,3
1041,831,130,28,8,3
1042,831,130,28,8,3
1043,831,130,28,8,3
1044,830,131,28,8,3
1045,829,132,28,8,3
1046,829,132,28,8,3
1047,829,132,28,8,3
1048,829,132,28,8,3
1049,829,132,28,8,3
1050,828,133,28,8,3
1051,827,134,28,8,3
1052,827,134,28,8,3
1053,827,134,28,8,3
1054,827,134,28,8,3
1055,827,134,27,9,3
1056,827,128,33,9,3
1057,827,128,33,9,3
1058,827,128,33,9,3
1059,827,128,33,9,3
1060,827,128,33,9,3
1061,827,128,33,9,3
1062,827,128,33,9,3
1063,826,129,33,9,3
1064,826,129,33,9,3
1065,826,129,33,9,3
1066,826,129,33,9,3
1067,826,129,33,9,3
1068,826,129,33,9,3
1069,825,130,33,9,3
1070,825,130,33,9,3
1071,825,130,33,9,3
1072,825,130,33,9,3
1073,825,130,33,9,3
1074,825,130,33,9,3
1075,825,130,33,9,3
1076,824,131,33,9,3
1077,824,131,33,9,3
1078,824,131,33,9,3
1079,824,131,32,10,3
1080,824,130,33,10,3
1081,824,130,33,10,3
1082,824,130,33,10,3
1083,824,130,33,10,3
1084,824,130,33,10,3
1085,824,130,33,10,3
1086,824,130,33,10,3
1087,822,132,33,10,3
1088,822,132,33,10,3
1089,822,132,33,10,3
1090,821,133,33,10,3
1091,821,133,33,10,3
1092,821,133,33,10,3
1093,821,133,33,10,3
1094,821,133,33,10,3
1095,821,133,33,10,3
1096,821,133,33,10,3
1097,821,133,33,10,3
1098,820,134,33,10,3
1099,820,134,33,10,3
1100,820,134,33,10,3
1101,819,135,33,10,3
1102,819,135,33,10,3
1103,819,135,30,12,4
1104,819,128,37,12,4
1105,819,128,37,12,4
1106,819,128,37,12,4
1107,819,128,37,12,4
1108,819,128,37,12,4
1109,819,128,37,12,4
1110,819,128,37,12,4
1111,819,128,37,12,4
1112,818,129,37,12,4
1113,818,129,37,12,4
1114,818,129,37,12,4
1115,817,130,37,12,4
1116,816,131,37,12,4
1117,813,134,37,12,4
1118,812,135,37,12,4
1119,812,135,37,12,4
1120,812,135,37,12,4
1121,811,136,37,12,4
1122,810,137,37,12,4
1123,810,137,37,12,4
1124,809,138,37,12,4
1125,809,138,37,12,4
1126,809,138,37,12,4
1127,809,138,30,19,4
1128,809,138,30,19,4
1129,809,138,30,19,4
1130,809,138,30,19,4
1131,809,138,30,19,4
1132,809,138,30,19,4
1133,809,138,30,19,4
1134,809,138,30,19,4
1135,808,139,30,19,4
1136,808,139,30,19,4
1137,807,140,30,19,4
1138,805,142,30,19,4
1139,803,144,30,19,4
1140,803,144,30,19,4
1141,803,144,30,19,4
1142,803,144,30,19,4
1143,801,146,30,19,4
1144,800,147,30,19,4
1145,799,148,30,19,4
1146,798,149,30,19,4
1147,796,151,30,19,4
1148,795,152,30,19,4
1149,795,152,30,19,4
1150,792,155,30,19,4
1151,792,155,19,29,5
1152,792,154,20,29,5
1153,792,154,20,29,5
1154,792,154,20,29,5
1155,792,154,20,29,5
1156,792,154,20,29,5
1157,792,154,20,29,5
1158,792,154,20,29,5
1159,789,157,20,29,5
1160,788,158,20,29,5
1161,788,158,20,29,5
1162,785,161,20,29,5
1163,785,161,20,29,5
1164,785,161,20,29,5
1165,782,164,20,29,5
1166,781,165,20,29,5
1167,777,169,20,29,5
1168,776,170,20,29,5
1169,775,171,20,29,5
1170,775,171,20,29,5
1171,772,174,20,29,5
1172,770,176,20,29,5
1173,766,180,20,29,5
1174,764,182,20,29,5
1175,764,182,14,33,7
1176,764,178,18,33,7
1177,764,178,18,33,7
1178,764,178,18,33,7
1179,764,178,18,33,7
1180,764,178,18,33,7
1181,764,178,18,33,7
1182,764,178,18,33,7
1183,763,179,18,33,7
1184,760,182,18,33,7
1185,757,185,18,33,7
1186,757,185,18,33,7
1187,757,185,18,33,7
1188,755,187,18,33,7
1189,755,187,18,33,7
1190,754,188,18,33,7
1191,752,190,18,33,7
1192,751,191,18,33,7
1193,750,192,18,33,7
1194,750,192,18,33,7
1195,749,193,18,33,7
1196,746,196,18,33,7
1197,743,199,18,33,7
1198,742,200,18,33,7
1199,742,200,13,36,9
1200,742,195,18,36,9
1201,742,195,18,36,9
1202,742,195,18,36,9
1203,742,195,18,36,9
1204,742,195,18,36,9
1205,742,195,18,36,9
1206,742,195,18,36,9
1207,740,197,18,36,9
1208,738,199,18,36,9
1209,735,202,18,36,9
1210,734,203,18,36,9
1211,734,203,18,36,9
1212,733,204,18,36,9
1213,732,205,18,36,9
1214,732,205,18,36,9
1215,731,206,18,36,9
1216,729,208,18,36,9
1217,727,210,18,36,9
1218,727,210,18,36,9
1219,724,213,18,36,9
1220,724,213,18,36,9
1221,721,216,18,36,9
1222,718,219,18,36,9
1223,718,219,15,38,10
1224,718,214,20,38,10
1225,718,214,20,38,10
1226,718,214,20,38,10
1227,718,214,20,38,10
1228,718,214,20,38,10
1229,718,214,20,38,10
1230,718,214,20,38,10
1231,714,218,20,38,10
1232,712,220,20,38,10
1233,712,220,20,38,10
1234,711,221,20,38,10
1235,710,222,20,38,10
1236,710,222,20,38,10
1237,709,223,20,38,10
1238,707,225,20,38,10
1239,706,226,20,38,10
1240,705,227,20,38,10
1241,703,229,20,38,10
1242,700,232,20,38,10
1243,696,236,20,38,10
1244,694,238,20,38,10
1245,693,239,20,38,10
1246,693,239,20,38,10
1247,693,239,14,44,10
1248,693,230,23,44,10
1249,693,230,23,44,10
1250,693,230,23,44,10
1251,693,230,23,44,10
1252,693,230,23,44,10
1253,693,230,23,44,10
1254,693,230,23,44,10
1255,690,233,23,44,10
1256,687,236,23,44,10
1257,686,237,23,44,10
1258,684,239,23,44,10
1259,682,241,23,44,10
1260,682,241,23,44,10
1261,680,243,23,44,10
1262,679,244,23,44,10
1263,677,246,23,44,10
1264,675,248,23,44,10
1265,674,249,23,44,10
1266,668,255,23,44,10
1267,666,257,23,44,10
1268,666,257,23,44,10
1269,663,260,23,44,10
1270,661,262,23,44,10
1271,661,262,23,44,10
1272,661,250,35,44,10
1273,661,250,35,44,10
1274,661,250,35,44,10
1275,661,250,35,44,10
1276,661,250,35,44,10
1277,661,250,35,44,10
1278,661,250,35,44,10
1279,657,254,35,44,10
1280,656,255,35,44,10
1281,656,255,35,44,10
1282,655,256,35,44,10
1283,651,260,35,44,10
1284,650,261,35,44,10
1285,649,262,35,44,10
1286,649,262,35,44,10
1287,648,263,35,44,10
1288,646,265,35,44,10
1289,643,268,35,44,10
1290,639,272,35,44,10
1291,638,273,35,44,10
1292,638,273,35,44,10
1293,635,276,35,44,10
1294,634,277,35,44,10
1295,634,277,35,44,10
1296,634,263,49,44,10
1297,634,263,49,44,10
1298,634,263,49,44,10
1299,634,263,49,44,10
1300,634,263,49,44,10
1301,634,263,49,44,10
1302,634,263,49,44,10
1303,631,266,49,44,10
1304,629,268,49,44,10
1305,628,269,49,44,10
1306,628,269,49,44,10
1307,627,270,49,44,10
1308,625,272,49,44,10
1309,625,272,49,44,10
1310,624,273,49,44,10
1311,622,275,49,44,10
1312,622,275,49,44,10
1313,620,277,49,44,10
1314,618,279,49,44,10
1315,616,281,49,44,10
1316,615,282,49,44,10
1317,615,282,49,44,10
1318,613,284,49,44,10
1319,613,284,49,44,10
1320,613,262,71,44,10
1321,613,262,71,44,10
1322,613,262,71,44,10
1323,613,262,71,44,10
1324,613,262,71,44,10
1325,613,262,71,44,10
1326,613,262,71,44,10
1327,611,264,71,44,10
1328,611,264,71,44,10
1329,608,267,71,44,10
1330,607,268,71,44,10
1331,605,270,71,44,10
1332,605,270,71,44,10
1333,603,272,71,44,10
1334,602,273,71,44,10
1335,600,275,71,44,10
1336,600,275,71,44,10
1337,598,277,71,44,10
1338,595,280,71,44,10
1339,595,280,71,44,10
1340,595,280,71,44,10
1341,592,283,71,44,10
1342,590,285,71,44,10
1343,590,285,70,45,10
1344,590,273,82,45,10
1345,590,273,82,45,10
1346,590,273,82,45,10
1347,590,273,82,45,10
1348,590,273,82,45,10
1349,590,273,82,45,10
1350,590,273,82,45,10
1351,590,273,82,45,10
1352,590,273,82,45,10
1353,588,275,82,45,10
1354,587,276,82,45,10
1355,586,277,82,45,10
1356,586,277,82,45,10
1357,586,277,82,45,10
1358,585,278,82,45,10
1359,582,281,82,45,10
1360,582,281,82,45,10
1361,581,282,82,45,10
1362,580,283,82,45,10
1363,576,287,82,45,10
1364,576,287,82,45,10
1365,576,287,82,45,10
1366,576,287,82,45,10
1367,576,287,72,51,14
1368,576,275,84,51,14
1369,576,275,84,51,14
1370,576,275,84,51,14
1371,576,275,84,51,14
1372,576,275,84,51,14
1373,576,275,84,51,14
1374,576,275,84,51,14
1375,575,276,84,51,14
1376,575,276,84,51,14
1377,574,277,84,51,14
1378,572,279,84,51,14
1379,571,280,84,51,14
1380,571,280,84,51,14
1381,570,281,84,51,14
1382,569,282,84,51,14
1383,568,283,84,51,14
1384,568,283,84,51,14
1385,568,283,84,51,14
1386,568,283,84,51,14
1387,568,283,84,51,14
1388,567,284,84,51,14
1389,566,285,84,51,14
1390,565,286,84,51,14
1391,565,286,71,61,17
1392,565,274,83,61,17
1393,565,274,83,61,17
1394,565,274,83,61,17
1395,565,274,83,61,17
1396,565,274,83,61,17
1397,565,274,83,61,17
1398,565,274,83,61,17
1399,563,276,83,61,17
1400,562,277,83,61,17
1401,561,278,83,61,17
1402,559,280,83,61,17
1403,556,283,83,61,17
1404,556,283,83,61,17
1405,555,284,83,61,17
1406,555,284,83,61,17
1407,553,286,83,61,17
1408,553,286,83,61,17
1409,553,286,83,61,17
1410,551,288,83,61,17
1411,551,288,83,61,17
1412,551,288,83,61,17
1413,549,290,83,61,17
1414,548,291,83,61,17
1415,548,291,74,67,20
1416,548,287,78,67,20
1417,548,287,78,67,20
1418,548,287,78,67,20
1419,548,287,78,67,20
1420,548,287,78,67,20
1421,548,287,78,67,20
1422,548,287,78,67,20
1423,547,288,78,67,20
1424,544,291,78,67,20
1425,543,292,78,67,20
1426,543,292,78,67,20
1427,543,292,78,67,20
1428,542,293,78,67,20
1429,541,294,78,67,20
1430,540,295,78,67,20
1431,538,297,78,67,20
1432,538,297,78,67,20
1433,537,298,78,67,20
1434,536,299,78,67,20
1435,535,300,78,67,20
1436,535,300,78,67,20
1437,534,301,78,67,20
1438,532,303,78,67,20
1439,532,303,65,75,25
1440,532,295,73,75,25
1441,532,295,73,75,25
1442,532,295,73,75,25
1443,532,295,73,75,25
1444,532,295,73,75,25
1445,532,295,73,75,25
1446,532,295,73,75,25
1447,531,296,73,75,25
1448,530,297,73,75,25
1449,529,298,73,75,25
1450,525,302,73,75,25
1451,523,304,73,75,25
1452,520,307,73,75,25
1453,520,307,73,75,25
1454,519,308,73,75,25
1455,519,308,73,75,25
1456,519,308,73,75,25
1457,519,308,73,75,25
1458,517,310,73,75,25
1459,516,311,73,75,25
1460,515,312,73,75,25
1461,513,314,73,75,25
1462,513,314,73,75,25
1463,513,314,55,88,30
1464,513,307,62,88,30
1465,513,307,62,88,30
1466,513,307,62,88,30
1467,513,307,62,88,30
1468,513,307,62,88,30
1469,513,307,62,88,30
1470,513,307,62,88,30
1471,512,308,62,88,30
1472,510,310,62,88,30
1473,510,310,62,88,30
1474,509,311,62,88,30
1475,506,314,62,88,30
1476,504,316,62,88,30
1477,503,317,62,88,30
1478,501,319,62,88,30
1479,498,322,62,88,30
1480,498,322,62,88,30
1481,497,323,62,88,30
1482,492,328,62,88,30
1483,491,329,62,88,30
1484,491,329,62,88,30
1485,488,332,62,88,30
1486,487,333,62,88,30
1487,487,333,45,102,33
1488,487,327,51,102,33
1489,487,327,51,102,33
1490,487,327,51,102,33
1491,487,327,51,102,33
1492,487,327,51,102,33
1493,487,327,51,102,33
1494,487,327,51,102,33
1495,484,330,51,102,33
1496,480,334,51,102,33
1497,477,337,51,102,33
1498,476,338,51,102,33
1499,475,339,51,102,33
1500,475,339,51,102,33
1501,470,344,51,102,33
1502,468,346,51,102,33
1503,467,347,51,102,33
1504,466,348,51,102,33
1505,464,350,51,102,33
1506,461,353,51,102,33
1507,459,355,51,102,33
1508,456,358,51,102,33
1509,453,361,51,102,33
1510,451,363,51,102,33
1511,451,363,37,116,33
1512,451,348,52,116,33
1513,451,348,52,116,33
1514,451,348,52,116,33
1515,451,348,52,116,33
1516,451,348,52,116,33
1517,451,348,52,116,33
1518,451,348,52,116,33
1519,447,352,52,116,33
1520,443,356,52,116,33
1521,439,360,52,116,33
1522,434,365,52,116,33
1523,433,366,52,116,33
1524,432,367,52,116,33
1525,429,370,52,116,33
1526,427,372,52,116,33
1527,424,375,52,116,33
1528,423,376,52,116,33
1529,423,376,52,116,33
1530,421,378,52,116,33
1531,416,383,52,116,33
1532,414,385,52,116,33
1533,414,385,52,116,33
1534,410,389,52,116,33
1535,410,389,40,127,34
1536,410,371,58,127,34
1537,410,371,58,127,34
1538,410,371,58,127,34
1539,410,371,58,127,34
1540,410,371,58,127,34
1541,410,371,58,127,34
1542,410,371,58,127,34
1543,408,373,58,127,34
1544,407,374,58,127,34
1545,404,377,58,127,34
1546,402,379,58,127,34
1547,401,380,58,127,34
1548,397,384,58,127,34
1549,397,384,58,127,34
1550,395,386,58,127,34
1551,392,389,58,127,34
1552,389,392,58,127,34
1553,387,394,58,127,34
1554,386,395,58,127,34
1555,384,397,58,127,34
1556,382,399,58,127,34
1557,381,400,58,127,34
1558,378,403,58,127,34
1559,378,403,53,130,36
1560,378,388,68,130,36
1561,378,388,68,130,36
1562,378,388,68,130,36
1563,378,388,68,130,36
1564,378,388,68,130,36
1565,378,388,68,130,36
1566,378,388,68,130,36
1567,377,389,68,130,36
1568,373,393,68,130,36
1569,372,394,68,130,36
1570,372,394,68,130,36
1571,368,398,68,130,36
1572,366,400,68,130,36
1573,363,403,68,130,36
1574,361,405,68,130,36
1575,359,407,68,130,36
1576,357,409,68,130,36
1577,356,410,68,130,36
1578,352,414,68,130,36
1579,348,418,68,130,36
1580,347,419,68,130,36
1581,347,419,68,130,36
1582,345,421,68,130,36
1583,345,421,61,135,38
1584,345,395,87,135,38
1585,345,395,87,135,38
1586,345,395,87,135,38
1587,345,395,87,135,38
1588,345,395,87,135,38
1589,345,395,87,135,38
1590,345,395,87,135,38
1591,342,398,87,135,38
1592,339,401,87,135,38
1593,338,402,87,135,38
1594,338,402,87,135,38
1595,337,403,87,135,38
1596,337,403,87,135,38
1597,334,406,87,135,38
1598,333,407,87,135,38
1599,331,409,87,135,38
1600,330,410,87,135,38
1601,328,412,87,135,38
1602,327,413,87,135,38
1603,326,414,87,135,38
1604,325,415,87,135,38
1605,323,417,87,135,38
1606,322,418,87,135,38
1607,322,418,84,136,40
1608,322,395,107,136,40
1609,322,395,107,136,40
1610,322,395,107,136,40
1611,322,395,107,136,40
1612,322,395,107,136,40
1613,322,395,107,136,40
1614,322,395,107,136,40
1615,320,397,107,136,40
1616,317,400,107,136,40
1617,317,400,107,136,40
1618,314,403,107,136,40
1619,312,405,107,136,40
1620,311,406,107,136,40
1621,311,406,107,136,40
1622,307,410,107,136,40
1623,304,413,107,136,40
1624,304,413,107,136,40
1625,302,415,107,136,40
1626,299,418,107,136,40
1627,299,418,107,136,40
1628,296,421,107,136,40
1629,290,427,107,136,40
1630,290,427,107,136,40
1631,290,427,102,140,41
1632,290,400,129,140,41
1633,290,400,129,140,41
1634,290,400,129,140,41
1635,290,400,129,140,41
1636,290,400,129,140,41
1637,290,400,129,140,41
1638,290,400,129,140,41
1639,288,402,129,140,41
1640,287,403,129,140,41
1641,286,404,129,140,41
1642,285,405,129,140,41
1643,284,406,129,140,41
1644,282,408,129,140,41
1645,282,408,129,140,41
1646,282,408,129,140,41
1647,282,408,129,140,41
1648,282,408,129,140,41
1649,282,408,129,140,41
1650,281,409,129,140,41
1651,279,411,129,140,41
1652,279,411,129,140,41
1653,278,412,129,140,41
1654,277,413,129,140,41
1655,277,413,119,149,42
1656,277,389,143,149,42
1657,277,389,143,149,42
1658,277,389,143,149,42
1659,277,389,143,149,42
1660,277,389,143,149,42
1661,277,389,143,149,42
1662,277,389,143,149,42
1663,274,392,143,149,42
1664,273,393,143,149,42
1665,272,394,143,149,42
1666,272,394,143,149,42
1667,272,394,143,149,42
1668,272,394,143,149,42
1669,270,396,143,149,42
1670,269,397,143,149,42
1671,267,399,143,149,42
1672,265,401,143,149,42
1673,261,405,143,149,42
1674,261,405,143,149,42
1675,260,406,143,149,42
1676,259,407,143,149,42
1677,257,409,143,149,42
1678,255,411,143,149,42
1679,255,411,126,164,44
1680,255,386,151,164,44
1681,255,386,151,164,44
1682,255,386,151,164,44
1683,255,386,151,164,44
1684,255,386,151,164,44
1685,255,386,151,164,44
1686,255,386,151,164,44
1687,253,388,151,164,44
1688,252,389,151,164,44
1689,251,390,151,164,44
1690,250,391,151,164,44
1691,248,393,151,164,44
1692,247,394,151,164,44
1693,247,394,151,164,44
1694,246,395,151,164,44
1695,245,396,151,164,44
1696,245,396,151,164,44
1697,245,396,151,164,44
1698,245,396,151,164,44
1699,243,398,151,164,44
1700,240,401,151,164,44
1701,237,404,151,164,44
1702,235,406,151,164,44
1703,235,406,123,183,53
1704,235,380,149,183,53
1705,235,380,149,183,53
1706,235,380,149,183,53
1707,235,380,149,183,53
1708,235,380,149,183,53
1709,235,380,149,183,53
1710,235,380,149,183,53
1711,234,381,149,183,53
1712,232,383,149,183,53
1713,231,384,149,183,53
1714,231,384,149,183,53
1715,229,386,149,183,53
1716,229,386,149,183,53
1717,229,386,149,183,53
1718,227,388,149,183,53
1719,227,388,149,183,53
1720,223,392,149,183,53
1721,223,392,149,183,53
1722,223,392,149,183,53
1723,221,394,149,183,53
1724,220,395,149,183,53
1725,219,396,149,183,53
1726,219,396,149,183,53
1727,219,396,127,201,57
1728,219,375,148,201,57
1729,219,375,148,201,57
1730,219,375,148,201,57
1731,219,375,148,201,57
1732,219,375,148,201,57
1733,219,375,148,201,57
1734,219,375,148,201,57
1735,216,378,148,201,57
1736,214,380,148,201,57
1737,213,381,148,201,57
1738,213,381,148,201,57
1739,213,381,148,201,57
1740,213,381,148,201,57
1741,212,382,148,201,57
1742,212,382,148,201,57
1743,212,382,148,201,57
1744,211,383,148,201,57
1745,211,383,148,201,57
1746,210,384,148,201,57
1747,209,385,148,201,57
1748,208,386,148,201,57
1749,207,387,148,201,57
1750,207,387,148,201,57
1751,207,387,124,222,60
1752,207,373,138,222,60
1753,207,373,138,222,60
1754,207,373,138,222,60
1755,207,373,138,222,60
1756,207,373,138,222,60
1757,207,373,138,222,60
1758,207,373,138,222,60
1759,206,374,138,222,60
1760,205,375,138,222,60
1761,204,376,138,222,60
1762,203,377,138,222,60
1763,201,379,138,222,60
1764,200,380,138,222,60
1765,198,382,138,222,60
1766,198,382,138,222,60
1767,195,385,138,222,60
1768,195,385,138,222,60
1769,192,388,138,222,60
1770,191,389,138,222,60
1771,190,390,138,222,60
1772,188,392,138,222,60
1773,188,392,138,222,60
1774,184,396,138,222,60
1775,184,396,113,243,64
1776,184,382,127,243,64
1777,184,382,127,243,64
1778,184,382,127,243,64
1779,184,382,127,243,64
1780,184,382,127,243,64
1781,184,382,127,243,64
1782,184,382,127,243,64
1783,181,385,127,243,64
1784,180,386,127,243,64
1785,175,391,127,243,64
1786,175,391,127,243,64
1787,174,392,127,243,64
1788,174,392,127,243,64
1789,171,395,127,243,64
1790,167,399,127,243,64
1791,164,402,127,243,64
1792,164,402,127,243,64
1793,163,403,127,243,64
1794,162,404,127,243,64
1795,159,407,127,243,64
1796,158,408,127,243,64
1797,156,410,127,243,64
1798,156,410,127,243,64
1799,156,410,95,267,72
1800,156,391,114,267,72
1801,156,391,114,267,72
1802,156,391,114,267,72
1803,156,391,114,267,72
1804,156,391,114,267,72
1805,156,391,114,267,72
1806,156,391,114,267,72
1807,155,392,114,267,72
1808,151,396,114,267,72
1809,149,398,114,267,72
1810,148,399,114,267,72
1811,147,400,114,267,72
1812,146,401,114,267,72
1813,145,402,114,267,72
1814,143,404,114,267,72
1815,142,405,114,267,72
1816,142,405,114,267,72
1817,141,406,114,267,72
1818,141,406,114,267,72
1819,136,411,114,267,72
1820,133,414,114,267,72
1821,132,415,114,267,72
1822,131,416,114,267,72
1823,131,416,87,290,76
1824,131,393,110,290,76
1825,131,393,110,290,76
1826,131,393,110,290,76
1827,131,393,110,290,76
1828,131,393,110,290,76
1829,131,393,110,290,76
1830,131,393,110,290,76
1831,131,393,110,290,76
1832,130,394,110,290,76
1833,129,395,110,290,76
1834,129,395,110,290,76
1835,129,395,110,290,76
1836,128,396,110,290,76
1837,128,396,110,290,76
1838,128,396,110,290,76
1839,128,396,110,290,76
1840,128,396,110,290,76
1841,126,398,110,290,76
1842,124,400,110,290,76
1843,123,401,110,290,76
1844,121,403,110,290,76
1845,116,408,110,290,76
1846,114,410,110,290,76
1847,114,410,89,306,81
1848,114,390,109,306,81
1849,114,390,109,306,81
1850,114,390,109,306,81
1851,114,390,109,306,81
1852,114,390,109,306,81
1853,114,390,109,306,81
1854,114,390,109,306,81
1855,114,390,109,306,81
1856,110,394,109,306,81
1857,110,394,109,306,81
1858,108,396,109,306,81
1859,108,396,109,306,81
1860,108,396,109,306,81
1861,107,397,109,306,81
1862,107,397,109,306,81
1863,106,398,109,306,81
1864,105,399,109,306,81
1865,103,401,109,306,81
1866,103,401,109,306,81
1867,103,401,109,306,81
1868,101,403,109,306,81
1869,100,404,109,306,81
1870,100,404,109,306,81
1871,100,404,86,324,86
1872,100,369,121,324,86
1873,100,369,121,324,86
1874,100,369,121,324,86
1875,100,369,121,324,86
1876,100,369,121,324,86
1877,100,369,121,324,86
1878,100,369,121,324,86
1879,98,371,121,324,86
1880,98,371,121,324,86
1881,98,371,121,324,86
1882,98,371,121,324,86
1883,97,372,121,324,86
1884,96,373,121,324,86
1885,96,373,121,324,86
1886,96,373,121,324,86
1887,95,374,121,324,86
1888,95,374,121,324,86
1889,94,375,121,324,86
1890,94,375,121,324,86
1891,91,378,121,324,86
1892,91,378,121,324,86
1893,91,378,121,324,86
1894,90,379,121,324,86
1895,90,379,107,334,90
1896,90,347,139,334,90
1897,90,347,139,334,90
1898,90,347,139,334,90
1899,90,347,139,334,90
1900,90,347,139,334,90
1901,90,347,139,334,90
1902,90,347,139,334,90
1903,89,348,139,334,90
1904,88,349,139,334,90
1905,88,349,139,334,90
1906,87,350,139,334,90
1907,87,350,139,334,90
1908,87,350,139,334,90
1909,86,351,139,334,90
1910,83,354,139,334,90
1911,83,354,139,334,90
1912,83,354,139,334,90
1913,82,355,139,334,90
1914,82,355,139,334,90
1915,82,355,139,334,90
1916,82,355,139,334,90
1917,81,356,139,334,90
1918,79,358,139,334,90
1919,79,358,128,343,92
1920,79,325,161,343,92
1921,79,325,161,343,92
1922,79,325,161,343,92
1923,79,325,161,343,92
1924,79,325,161,343,92
1925,79,325,161,343,92
1926,79,325,161,343,92
1927,78,326,161,343,92
1928,78,326,161,343,92
1929,78,326,161,343,92
1930,78,326,161,343,92
1931,77,327,161,343,92
1932,77,327,161,343,92
1933,77,327,161,343,92
1934,77,327,161,343,92
1935,76,328,161,343,92
1936,76,328,161,343,92
1937,76,328,161,343,92
1938,75,329,161,343,92
1939,75,329,161,343,92
1940,75,329,161,343,92
1941,70,334,161,343,92
1942,68,336,161,343,92
1943,68,336,144,353,99
1944,68,310,170,353,99
1945,68,310,170,353,99
1946,68,310,170,353,99
1947,68,310,170,353,99
1948,68,310,170,353,99
1949,68,310,170,353,99
1950,68,310,170,353,99
1951,68,310,170,353,99
1952,68,310,170,353,99
1953,66,312,170,353,99
1954,66,312,170,353,99
1955,66,312,170,353,99
1956,66,312,170,353,99
1957,66,312,170,353,99
1958,66,312,170,353,99
1959,64,314,170,353,99
1960,64,314,170,353,99
1961,64,314,170,353,99
1962,64,314,170,353,99
1963,63,315,170,353,99
1964,62,316,170,353,99
1965,62,316,170,353,99
1966,62,316,170,353,99
1967,62,316,154,369,99
1968,62,285,185,369,99
1969,62,285,185,369,99
1970,62,285,185,369,99
1971,62,285,185,369,99
1972,62,285,185,369,99
1973,62,285,185,369,99
1974,62,285,185,369,99
1975,62,285,185,369,99
1976,61,286,185,369,99
1977,60,287,185,369,99
1978,60,287,185,369,99
1979,60,287,185,369,99
1980,59,288,185,369,99
1981,59,288,185,369,99
1982,59,288,185,369,99
1983,57,290,185,369,99
1984,55,292,185,369,99
1985,55,292,185,369,99
1986,55,292,185,369,99
1987,55,292,185,369,99
1988,54,293,185,369,99
1989,54,293,185,369,99
1990,53,294,185,369,99
1991,53,294,166,385,102
1992,53,267,193,385,102
1993,53,267,193,385,102
1994,53,267,193,385,102
1995,53,267,193,385,102
1996,53,267,193,385,102
1997,53,267,193,385,102
1998,53,267,193,385,102
1999,53,267,193,385,102
2000,53,267,193,385,102
2001,53,267,193,385,102
2002,53,267,193,385,102
2003,52,268,193,385,102
2004,52,268,193,385,102
2005,51,269,193,385,102
2006,51,269,193,385,102
2007,51,269,193,385,102
2008,51,269,193,385,102
2009,51,269,193,385,102
2010,50,270,193,385,102
2011,50,270,193,385,102
2012,50,270,193,385,102
2013,49,271,193,385,102
2014,48,272,193,385,102
2015,48,272,167,405,108
2016,48,245,194,405,108
2017,48,245,194,405,108
2018,48,245,194,405,108
2019,48,245,194,405,108
2020,48,245,194,405,108
2021,48,245,194,405,108
2022,48,245,194,405,108
2023,48,245,194,405,108
2024,47,246,194,405,108
2025,47,246,194,405,108
2026,47,246,194,405,108
2027,47,246,194,405,108
2028,46,247,194,405,108
2029,46,247,194,405,108
2030,46,247,194,405,108
2031,45,248,194,405,108
2032,45,248,194,405,108
2033,45,248,194,405,108
2034,45,248,194,405,108
2035,44,249,194,405,108
2036,44,249,194,405,108
2037,44,249,194,405,108
2038,43,250,194,405,108
2039,43,250,158,434,115
2040,43,233,175,434,115
2041,43,233,175,434,115
2042,43,233,175,434,115
2043,43,233,175,434,115
2044,43,233,175,434,115
2045,43,233,175,434,115
2046,43,233,175,434,115
2047,43,233,175,434,115
2048,42,234,175,434,115
2049,42,234,175,434,115
2050,42,234,175,434,115
2051,42,234,175,434,115
2052,42,234,175,434,115
2053,42,234,175,434,115
2054,42,234,175,434,115
2055,41,235,175,434,115
2056,41,235,175,434,115
2057,41,235,175,434,115
2058,41,235,175,434,115
2059,41,235,175,434,115
2060,40,236,175,434,115
2061,39,237,175,434,115
2062,38,238,175,434,115
2063,38,238,134,470,120
2064,38,221,151,470,120
2065,38,221,151,470,120
2066,38,221,151,470,120
2067,38,221,151,470,120
2068,38,221,151,470,120
2069,38,221,151,470,120
2070,38,221,151,470,120
2071,37,222,151,470,120
2072,37,222,151,470,120
2073,37,222,151,470,120
2074,37,222,151,470,120
2075,36,223,151,470,120
2076,36,223,151,470,120
2077,36,223,151,470,120
2078,36,223,151,470,120
2079,36,223,151,470,120
2080,36,223,151,470,120
2081,36,223,151,470,120
2082,36,223,151,470,120
2083,33,226,151,470,120
2084,33,226,151,470,120
2085,33,226,151,470,120
2086,33,226,151,470,120
2087,33,226,119,496,126
2088,33,213,132,496,126
2089,33,213,132,496,126
2090,33,213,132,496,126
2091,33,213,132,496,126
2092,33,213,132,496,126
2093,33,213,132,496,126
2094,33,213,132,496,126
2095,32,214,132,496,126
2096,32,214,132,496,126
2097,32,214,132,496,126
2098,31,215,132,496,126
2099,31,215,132,496,126
2100,31,215,132,496,126
2101,31,215,132,496,126
2102,30,216,132,496,126
2103,30,216,132,496,126
2104,30,216,132,496,126
2105,30,216,132,496,126
2106,30,216,132,496,126
2107,30,216,132,496,126
2108,30,216,132,496,126
2109,30,216,132,496,126
2110,30,216,132,496,126
2111,30,216,99,522,133
2112,30,192,123,522,133
2113,30,192,123,522,133
2114,30,192,123,522,133
2115,30,192,123,522,133
2116,30,192,123,522,133
2117,30,192,123,522,133
2118,30,192,123,522,133
2119,30,192,123,522,133
2120,30,192,123,522,133
2121,30,192,123,522,133
2122,29,193,123,522,133
2123,29,193,123,522,133
2124,29,193,123,522,133
2125,29,193,123,522,133
2126,28,194,123,522,133
2127,28,194,123,522,133
2128,27,195,123,522,133
2129,27,195,123,522,133
2130,27,195,123,522,133
2131,27,195,123,522,133
2132,27,195,123,522,133
2133,25,197,123,522,133
2134,25,197,123,522,133
2135,25,197,100,541,137
2136,25,174,123,541,137
2137,25,174,123,541,137
2138,25,174,123,541,137
2139,25,174,123,541,137
2140,25,174,123,541,137
2141,25,174,123,541,137
2142,25,174,123,541,137
2143,25,174,123,541,137
2144,25,174,123,541,137
2145,25,174,123,541,137
2146,23,176,123,541,137
2147,22,177,123,541,137
2148,22,177,123,541,137
2149,22,177,123,541,137
2150,22,177,123,541,137
2151,22,177,123,541,137
2152,21,178,123,541,137
2153,21,178,123,541,137
2154,20,179,123,541,137
2155,20,179,123,541,137
2156,20,179,123,541,137
2157,20,179,123,541,137
2158,20,179,123,541,137
2159,20,179,91,568,142
2160,20,161,109,568,142
2161,20,161,109,568,142
2162,20,161,109,568,142
2163,20,161,109,568,142
2164,20,161,109,568,142
2165,20,161,109,568,142
2166,20,161,109,568,142
2167,20,161,109,568,142
2168,20,161,109,568,142
2169,20,161,109,568,142
2170,20,161,109,568,142
2171,20,161,109,568,142
2172,20,161,109,568,142
2173,20,161,109,568,142
2174,19,162,109,568,142
2175,18,163,109,568,142
2176,18,163,109,568,142
2177,18,163,109,568,142
2178,18,163,109,568,142
2179,18,163,109,568,142
2180,18,163,109,568,142
2181,18,163,109,568,142
2182,18,163,109,568,142
2183,18,163,96,576,147
2184,18,140,119,576,147
2185,18,140,119,576,147
2186,18,140,119,576,147
2187,18,140,119,576,147
2188,18,140,119,576,147
2189,18,140,119,576,147
2190,18,140,119,576,147
2191,18,140,119,576,147
2192,18,140,119,576,147
2193,18,140,119,576,147
2194,18,140,119,576,147
2195,17,141,119,576,147
2196,17,141,119,576,147
2197,17,141,119,576,147
2198,17,141,119,576,147
2199,17,141,119,576,147
2200,17,141,119,576,147
2201,17,141,119,576,147
2202,17,141,119,576,147
2203,17,141,119,576,147
2204,17,141,119,576,147
2205,16,142,119,576,147
2206,16,142,119,576,147
2207,16,142,97,595,150
2208,16,123,116,595,150
2209,16,123,116,595,150
2210,16,123,116,595,150
2211,16,123,116,595,150
2212,16,123,116,595,150
2213,16,123,116,595,150
2214,16,123,116,595,150
2215,16,123,116,595,150
2216,16,123,116,595,150
2217,16,123,116,595,150
2218,16,123,116,595,150
2219,15,124,116,595,150
2220,15,124,116,595,150
2221,14,125,116,595,150
2222,13,126,116,595,150
2223,13,126,116,595,150
2224,13,126,116,595,150
2225,13,126,116,595,150
2226,13,126,116,595,150
2227,12,127,116,595,150
2228,12,127,116,595,150
2229,12,127,116,595,150
2230,12,127,116,595,150
2231,12,127,96,610,155
2232,12,112,111,610,155
2233,12,112,111,610,155
2234,12,112,111,610,155
2235,12,112,111,610,155
2236,12,112,111,610,155
2237,12,112,111,610,155
2238,12,112,111,610,155
2239,12,112,111,610,155
2240,11,113,111,610,155
2241,11,113,111,610,155
2242,11,113,111,610,155
2243,11,113,111,610,155
2244,11,113,111,610,155
2245,11,113,111,610,155
2246,11,113,111,610,155
2247,11,113,111,610,155
2248,11,113,111,610,155
2249,11,113,111,610,155
2250,11,113,111,610,155
2251,11,113,111,610,155
2252,11,113,111,610,155
2253,11,113,111,610,155
2254,11,113,111,610,155
2255,11,113,95,625,156
2256,11,91,117,625,156
2257,11,91,117,625,156
2258,11,91,117,625,156
2259,11,91,117,625,156
2260,11,91,117,625,156
2261,11,91,117,625,156
2262,11,91,117,625,156
2263,10,92,117,625,156
2264,10,92,117,625,156
2265,10,92,117,625,156
2266,10,92,117,625,156
2267,10,92,117,625,156
2268,10,92,117,625,156
2269,9,93,117,625,156
2270,9,93,117,625,156
2271,9,93,117,625,156
2272,9,93,117,625,156
2273,9,93,117,625,156
2274,9,93,117,625,156
2275,9,93,117,625,156
2276,9,93,117,625,156
2277,9,93,117,625,156
2278,9,93,117,625,156
2279,9,93,105,636,157
2280,9,79,119,636,157
2281,9,79,119,636,157
2282,9,79,119,636,157
2283,9,79,119,636,157
2284,9,79,119,636,157
2285,9,79,119,636,157
2286,9,79,119,636,157
2287,9,79,119,636,157
2288,9,79,119,636,157
2289,9,79,119,636,157
2290,9,79,119,636,157
2291,9,79,119,636,157
2292,9,79,119,636,157
2293,9,79,119,636,157
2294,9,79,119,636,157
2295,9,79,119,636,157
2296,9,79,119,636,157
2297,9,79,119,636,157
2298,9,79,119,636,157
2299,9,79,119,636,157
2300,8,80,119,636,157
2301,8,80,119,636,157
2302,8,80,119,636,157
2303,8,80,96,657,159
2304,8,73,103,657,159
2305,8,73,103,657,159
2306,8,73,103,657,159
2307,8,73,103,657,159
2308,8,73,103,657,159
2309,8,73,103,657,159
2310,8,73,103,657,159
2311,8,73,103,657,159
2312,8,73,103,657,159
2313,8,73,103,657,159
2314,8,73,103,657,159
2315,8,73,103,657,159
2316,8,73,103,657,159
2317,8,73,103,657,159
2318,8,73,103,657,159
2319,8,73,103,657,159
2320,8,73,103,657,159
2321,8,73,103,657,159
2322,8,73,103,657,159
2323,8,73,103,657,159
2324,8,73,103,657,159
2325,8,73,103,657,159
2326,8,73,103,657,159
2327,8,73,75,679,165
2328,8,63,85,679,165
2329,8,63,85,679,165
2330,8,63,85,679,165
2331,8,63,85,679,165
2332,8,63,85,679,165
2333,8,63,85,679,165
2334,8,63,85,679,165
2335,8,63,85,679,165
2336,8,63,85,679,165
2337,7,64,85,679,165
2338,7,64,85,679,165
2339,7,64,85,679,165
2340,7,64,85,679,165
2341,7,64,85,679,165
2342,7,64,85,679,165
2343,7,64,85,679,165
2344,7,64,85,679,165
2345,7,64,85,679,165
2346,6,65,85,679,165
2347,6,65,85,679,165
2348,6,65,85,679,165
2349,6,65,85,679,165
2350,6,65,85,679,165
2351,6,65,60,696,173
2352,6,58,67,696,173
2353,6,58,67,696,173
2354,6,58,67,696,173
2355,6,58,67,696,173
2356,6,58,67,696,173
2357,6,58,67,696,173
2358,6,58,67,696,173
2359,6,58,67,696,173
2360,6,58,67,696,173
2361,6,58,67,696,173
2362,6,58,67,696,173
2363,6,58,67,696,173
2364,6,58,67,696,173
2365,6,58,67,696,173
2366,6,58,67,696,173
2367,6,58,67,696,173
2368,6,58,67,696,173
2369,6,58,67,696,173
2370,6,58,67,696,173
2371,6,58,67,696,173
2372,6,58,67,696,173
2373,6,58,67,696,173
2374,6,58,67,696,173
2375,6,58,50,712,174
2376,6,50,58,712,174
2377,6,50,58,712,174
2378,6,50,58,712,174
2379,6,50,58,712,174
2380,6,50,58,712,174
2381,6,50,58,712,174
2382,6,50,58,712,174
2383,6,50,58,712,174
2384,6,50,58,712,174
2385,6,50,58,712,174
2386,6,50,58,712,174
2387,6,50,58,712,174
2388,6,50,58,712,174
2389,6,50,58,712,174
2390,6,50,58,712,174
2391,6,50,58,712,174
2392,6,50,58,712,174
2393,6,50,58,712,174
2394,6,50,58,712,174
2395,6,50,58,712,174
2396,6,50,58,712,174
2397,6,50,58,712,174
2398,6,50,58,712,174
2399,6,50,44,724,176
2400,6,45,49,724,176
2401,6,45,49,724,176
2402,6,45,49,724,176
2403,6,45,49,724,176
2404,6,45,49,724,176
2405,6,45,49,724,176
2406,6,45,49,724,176
2407,6,45,49,724,176
2408,6,45,49,724,176
2409,6,45,49,724,176
2410,6,45,49,724,176
2411,6,45,49,724,176
2412,6,45,49,724,176
2413,6,45,49,724,176
2414,6,45,49,724,176
2415,6,45,49,724,176
2416,6,45,49,724,176
2417,6,45,49,724,176
2418,6,45,49,724,176
2419,6,45,49,724,176
2420,6,45,49,724,176
2421,6,45,49,724,176
2422,6,45,49,724,176
2423,6,45,39,734,176
2424,6,35,49,734,176
2425,6,35,49,734,176
2426,6,35,49,734,176
2427,6,35,49,734,176
2428,6,35,49,734,176
2429,6,35,49,734,176
2430,6,35,49,734,176
2431,6,35,49,734,176
2432,6,35,49,734,176
2433,6,35,49,734,176
2434,6,35,49,734,176
2435,6,35,49,734,176
2436,6,35,49,734,176
2437,6,35,49,734,176
2438,6,35,49,734,176
2439,6,35,49,734,176
2440,6,35,49,734,176
2441,6,35,49,734,176
2442,6,35,49,734,176
2443,6,35,49,734,176
2444,6,35,49,734,176
2445,6,35,49,734,176
2446,6,35,49,734,176
2447,6,35,38,744,177
2448,6,33,40,744,177
2449,6,33,40,744,177
2450,6,33,40,744,177
2451,6,33,40,744,177
2452,6,33,40,744,177
2453,6,33,40,744,177
2454,6,33,40,744,177
2455,6,33,40,744,177
2456,6,33,40,744,177
2457,6,33,40,744,177
2458,6,33,40,744,177
2459,6,33,40,744,177
2460,6,33,40,744,177
2461,6,33,40,744,177
2462,6,33,40,744,177
2463,6,33,40,744,177
2464,6,33,40,744,177
2465,6,33,40,744,177
2466,6,33,40,744,177
2467,6,33,40,744,177
2468,6,33,40,744,177
2469,6,33,40,744,177
2470,6,33,40,744,177
2471,6,33,29,753,179
2472,6,32,30,753,179
2473,6,32,30,753,179
2474,6,32,30,753,179
2475,6,32,30,753,179
2476,6,32,30,753,179
2477,6,32,30,753,179
2478,6,32,30,753,179
2479,6,32,30,753,179
2480,6,32,30,753,179
2481,6,32,30,753,179
2482,6,32,30,753,179
2483,6,32,30,753,179
2484,6,32,30,753,179
2485,6,32,30,753,179
2486,6,32,30,753,179
2487,6,32,30,753,179
2488,6,32,30,753,179
2489,6,32,30,753,179
2490,6,32,30,753,179
2491,6,32,30,753,179
2492,6,32,30,753,179
2493,6,32,30,753,179
2494,6,32,30,753,179
2495,6,32,24,756,182
2496,6,23,33,756,182
2497,6,23,33,756,182
2498,6,23,33,756,182
2499,6,23,33,756,182
2500,6,23,33,756,182
2501,6,23,33,756,182
2502,6,23,33,756,182
2503,6,23,33,756,182
2504,6,23,33,756,182
2505,6,23,33,756,182
2506,6,23,33,756,182
2507,6,23,33,756,182
2508,6,23,33,756,182
2509,6,23,33,756,182
2510,6,23,33,756,182
2511,6,23,33,756,182
2512,6,23,33,756,182
2513,6,23,33,756,182
2514,6,23,33,756,182
2515,6,23,33,756,182
2516,6,23,33,756,182
2517,6,23,33,756,182
2518,6,23,33,756,182
2519,6,23,24,764,183
2520,6,21,26,764,183
2521,6,21,26,764,183
2522,6,21,26,764,183
2523,6,21,26,764,183
2524,6,21,26,764,183
2525,6,21,26,764,183
2526,6,21,26,764,183
2527,6,21,26,764,183
2528,6,21,26,764,183
2529,6,21,26,764,183
2530,6,21,26,764,183
2531,6,21,26,764,183
2532,6,21,26,764,183
2533,6,21,26,764,183
2534,6,21,26,764,183
2535,6,21,26,764,183
2536,6,21,26,764,183
2537,6,21,26,764,183
2538,6,21,26,764,183
2539,6,21,26,764,183
2540,6,21,26,764,183
2541,6,21,26,764,183
2542,6,21,26,764,183
2543,6,21,21,768,184
2544,6,17,25,768,184
2545,6,17,25,768,184
2546,6,17,25,768,184
2547,6,17,25,768,184
2548,6,17,25,768,184
2549,6,17,25,768,184
2550,6,17,25,768,184
2551,6,17,25,768,184
2552,6,17,25,768,184
2553,6,17,25,768,184
2554,6,17,25,768,184
2555,6,17,25,768,184
2556,6,17,25,768,184
2557,6,17,25,768,184
2558,6,17,25,768,184
2559,6,17,25,768,184
2560,6,17,25,768,184
2561,6,17,25,768,184
2562,6,17,25,768,184
2563,6,17,25,768,184
2564,6,17,25,768,184
2565,6,17,25,768,184
2566,6,17,25,768,184
2567,6,17,20,772,185
2568,6,14,23,772,185
2569,6,14,23,772,185
2570,6,14,23,772,185
2571,6,14,23,772,185
2572,6,14,23,772,185
2573,6,14,23,772,185
2574,6,14,23,772,185
2575,6,14,23,772,185
2576,6,14,23,772,185
2577,6,14,23,772,185
2578,6,14,23,772,185
2579,6,14,23,772,185
2580,6,14,23,772,185
2581,6,14,23,772,185
2582,6,14,23,772,185
2583,6,14,23,772,185
2584,6,14,23,772,185
2585,6,14,23,772,185
2586,6,14,23,772,185
2587,6,14,23,772,185
2588,6,14,23,772,185
2589,6,14,23,772,185
2590,6,14,23,772,185
2591,6,14,18,776,186
2592,6,12,20,776,186
2593,6,12,20,776,186
2594,6,12,20,776,186
2595,6,12,20,776,186
2596,6,12,20,776,186
2597,6,12,20,776,186
2598,6,12,20,776,186
2599,6,12,20,776,186
2600,6,12,20,776,186
2601,6,12,20,776,186
2602,6,12,20,776,186
2603,6,12,20,776,186
2604,6,12,20,776,186
2605,6,12,20,776,186
2606,6,12,20,776,186
2607,6,12,20,776,186
2608,6,12,20,776,186
2609,6,12,20,776,186
2610,6,12,20,776,186
2611,6,12,20,776,186
2612,6,12,20,776,186
2613,6,12,20,776,186
2614,6,12,20,776,186
2615,6,12,15,780,187
2616,6,8,19,780,187
2617,6,8,19,780,187
2618,6,8,19,780,187
2619,6,8,19,780,187
2620,6,8,19,780,187
2621,6,8,19,780,187
2622,6,8,19,780,187
2623,6,8,19,780,187
2624,6,8,19,780,187
2625,6,8,19,780,187
2626,6,8,19,780,187
2627,6,8,19,780,187
2628,6,8,19,780,187
2629,6,8,19,780,187
2630,6,8,19,780,187
2631,6,8,19,780,187
2632,6,8,19,780,187
2633,6,8,19,780,187
2634,6,8,19,780,187
2635,6,8,19,780,187
2636,6,8,19,780,187
2637,6,8,19,780,187
2638,6,8,19,780,187
2639,6,8,16,783,187
2640,6,7,17,783,187
2641,6,7,17,783,187
2642,6,7,17,783,187
2643,6,7,17,783,187
2644,6,7,17,783,187
2645,6,7,17,783,187
2646,6,7,17,783,187
2647,6,7,17,783,187
2648,6,7,17,783,187
2649,6,7,17,783,187
2650,6,7,17,783,187
2651,6,7,17,783,187
2652,6,7,17,783,187
2653,6,7,17,783,187
2654,6,7,17,783,187
2655,6,7,17,783,187
2656,6,7,17,783,187
2657,6,7,17,783,187
2658,6,7,17,783,187
2659,6,7,17,783,187
2660,6,7,17,783,187
2661,6,7,17,783,187
2662,6,7,17,783,187
2663,6,7,12,788,187
2664,6,3,16,788,187
2665,6,3,16,788,187
2666,6,3,16,788,187
2667,6,3,16,788,187
2668,6,3,16,788,187
2669,6,3,16,788,187
2670,6,3,16,788,187
2671,6,3,16,788,187
2672,6,3,16,788,187
2673,6,3,16,788,187
2674,6,3,16,788,187
2675,6,3,16,788,187
2676,6,3,16,788,187
2677,6,3,16,788,187
2678,6,3,16,788,187
2679,6,3,16,788,187
2680,6,3,16,788,187
2681,6,3,16,788,187
2682,6,3,16,788,187
2683,6,3,16,788,187
2684,6,3,16,788,187
2685,6,3,16,788,187
2686,6,3,16,788,187
2687,6,3,11,792,188
2688,6,3,11,792,188
2689,6,3,11,792,188
2690,6,3,11,792,188
2691,6,3,11,792,188
2692,6,3,11,792,188
2693,6,3,11,792,188
2694,6,3,11,792,188
2695,6,3,11,792,188
2696,6,3,11,792,188
2697,6,3,11,792,188
2698,6,3,11,792,188
2699,6,3,11,792,188
2700,6,3,11,792,188
2701,6,3,11,792,188
2702,6,3,11,792,188
2703,6,3,11,792,188
2704,6,3,11,792,188
2705,6,3,11,792,188
2706,6,3,11,792,188
2707,6,3,11,792,188
2708,6,3,11,792,188
2709,6,3,11,792,188
2710,6,3,11,792,188
2711,6,3,9,792,190
2712,6,1,11,792,190
2713,6,1,11,792,190
2714,6,1,11,792,190
2715,6,1,11,792,190
2716,6,1,11,792,190
2717,6,1,11,792,190
2718,6,1,11,792,190
2719,6,1,11,792,190
2720,6,1,11,792,190
2721,6,1,11,792,190
2722,6,1,11,792,190
2723,6,1,11,792,190
2724,6,1,11,792,190
2725,6,1,11,792,190
2726,6,1,11,792,190
2727,6,1,11,792,190
2728,6,1,11,792,190
2729,6,1,11,792,190
2730,6,1,11,792,190
2731,6,1,11,792,190
2732,6,1,11,792,190
2733,6,1,11,792,190
2734,6,1,11,792,190
2735,6,1,9,793,191
2736,6,1,9,793,191
2737,6,1,9,793,191
2738,6,1,9,793,191
2739,6,1,9,793,191
2740,6,1,9,793,191
2741,6,1,9,793,191
2742,6,1,9,793,191
2743,6,1,9,793,191
2744,6,1,9,793,191
2745,6,1,9,793,191
2746,6,1,9,793,191
2747,6,1,9,793,191
2748,6,1,9,793,191
2749,6,1,9,793,191
2750,6,1,9,793,191
2751,6,1,9,793,191
2752,6,1,9,793,191
2753,6,1,9,793,191
2754,6,1,9,793,191
2755,6,1,9,793,191
2756,6,1,9,793,191
2757,6,1,9,793,191
2758,6,1,9,793,191
2759,6,1,5,795,193
2760,6,1,5,795,193
2761,6,1,5,795,193
2762,6,1,5,795,193
2763,6,1,5,795,193
2764,6,1,5,795,193
2765,6,1,5,795,193
2766,6,1,5,795,193
2767,6,1,5,795,193
2768,6,1,5,795,193
2769,6,1,5,795,193
2770,6,1,5,795,193
2771,6,1,5,795,193
2772,6,1,5,795,193
2773,6,1,5,795,193
2774,6,1,5,795,193
2775,6,1,5,795,193
2776,6,1,5,795,193
2777,6,1,5,795,193
2778,6,1,5,795,193
2779,6,1,5,795,193
2780,6,1,5,795,193
2781,6,1,5,795,193
2782,6,1,5,795,193
2783,6,1,4,796,193
2784,6,0,5,796,193
2785,6,0,5,796,193
2786,6,0,5,796,193
2787,6,0,5,796,193
2788,6,0,5,796,193
2789,6,0,5,796,193
2790,6,0,5,796,193
2791,6,0,5,796,193
2792,6,0,5,796,193
2793,6,0,5,796,193
2794,6,0,5,796,193
2795,6,0,5,796,193
2796,6,0,5,796,193
2797,6,0,5,796,193
2798,6,0,5,796,193
2799,6,0,5,796,193
2800,6,0,5,796,193
2801,6,0,5,796,193
2802,6,0,5,796,193
2803,6,0,5,796,193
2804,6,0,5,796,193
2805,6,0,5,796,193
2806,6,0,5,796,193
2807,6,0,3,798,193
2808,6,0,3,798,193
2809,6,0,3,798,193
2810,6,0,3,798,193
2811,6,0,3,798,193
2812,6,0,3,798,193
2813,6,0,3,798,193
2814,6,0,3,798,193
2815,6,0,3,798,193
2816,6,0,3,798,193
2817,6,0,3,798,193
2818,6,0,3,798,193
2819,6,0,3,798,193
2820,6,0,3,798,193
2821,6,0,3,798,193
2822,6,0,3,798,193
2823,6,0,3,798,193
2824,6,0,3,798,193
2825,6,0,3,798,193
2826,6,0,3,798,193
2827,6,0,3,798,193
2828,6,0,3,798,193
2829,6,0,3,798,193
2830,6,0,3,798,193
2831,6,0,2,799,193
2832,6,0,2,799,193
2833,6,0,2,799,193
2834,6,0,2,799,193
2835,6,0,2,799,193
2836,6,0,2,799,193
2837,6,0,2,799,193
2838,6,0,2,799,193
2839,6,0,2,799,193
2840,6,0,2,799,193
2841,6,0,2,799,193
2842,6,0,2,799,193
2843,6,0,2,799,193
2844,6,0,2,799,193
2845,6,0,2,799,193
2846,6,0,2,799,193
2847,6,0,2,799,193
2848,6,0,2,799,193
2849,6,0,2,799,193
2850,6,0,2,799,193
2851,6,0,2,799,193
2852,6,0,2,799,193
2853,6,0,2,799,193
2854,6,0,2,799,193
2855,6,0,2,799,193
2856,6,0,2,799,193
2857,6,0,2,799,193
2858,6,0,2,799,193
2859,6,0,2,799,193
2860,6,0,2,799,193
2861,6,0,2,799,193
2862,6,0,2,799,193
2863,6,0,2,799,193
2864,6,0,2,799,193
2865,6,0,2,799,193
2866,6,0,2,799,193
2867,6,0,2,799,193
2868,6,0,2,799,193
2869,6,0,2,799,193
2870,6,0,2,799,193
2871,6,0,2,799,193
2872,6,0,2,799,193
2873,6,0,2,799,193
2874,6,0,2,799,193
2875,6,0,2,799,193
2876,6,0,2,799,193
2877,6,0,2,799,193
2878,6,0,2,799,193
2879,6,0,0,800,194
